year/_utc,image,name/_title,name,image/_source,image/_alt,year/_source,name/_text,name/_source,inducted_member
Wed Jan 01 00:00:00 GMT 1986,https://upload.wikimedia.org/wikipedia/commons/thumb/1/16/Chuck_Berry51.JPG/75px-Chuck_Berry51.JPG,Chuck Berry,https://en.wikipedia.org/wiki/Chuck_Berry,//upload.wikimedia.org/wikipedia/commons/thumb/1/16/Chuck_Berry51.JPG/75px-Chuck_Berry51.JPG,"Berry performing at The Casino Deauville, France, July 13, 1987",1986,Chuck Berry,/wiki/Chuck_Berry,
Wed Jan 01 00:00:00 GMT 1986,https://upload.wikimedia.org/wikipedia/commons/thumb/9/99/James_Brown_Live_Hamburg_1973_1702730029.jpg/75px-James_Brown_Live_Hamburg_1973_1702730029.jpg,James Brown,https://en.wikipedia.org/wiki/James_Brown,//upload.wikimedia.org/wikipedia/commons/thumb/9/99/James_Brown_Live_Hamburg_1973_1702730029.jpg/75px-James_Brown_Live_Hamburg_1973_1702730029.jpg,"James Brown performing in Hamburg, Germany, February 1973",1986,James Brown,/wiki/James_Brown,
Wed Jan 01 00:00:00 GMT 1986,https://upload.wikimedia.org/wikipedia/commons/thumb/8/89/Ray_Charles_%28cropped%29.jpg/75px-Ray_Charles_%28cropped%29.jpg,Ray Charles,https://en.wikipedia.org/wiki/Ray_Charles,//upload.wikimedia.org/wikipedia/commons/thumb/8/89/Ray_Charles_%28cropped%29.jpg/75px-Ray_Charles_%28cropped%29.jpg,"Ray Charles at rehearsals for his performance of ""Eleanor Rigby"" at the 32nd Annual Grammy Awards, 1990",1986,Ray Charles,/wiki/Ray_Charles,
Wed Jan 01 00:00:00 GMT 1986,https://upload.wikimedia.org/wikipedia/commons/thumb/5/5e/Sam_Cooke_in_the_recording_studio_1961.jpg/75px-Sam_Cooke_in_the_recording_studio_1961.jpg,Sam Cooke,https://en.wikipedia.org/wiki/Sam_Cooke,//upload.wikimedia.org/wikipedia/commons/thumb/5/5e/Sam_Cooke_in_the_recording_studio_1961.jpg/75px-Sam_Cooke_in_the_recording_studio_1961.jpg,"Cooke in a recording studio, 1961",1986,Sam Cooke,/wiki/Sam_Cooke,
Wed Jan 01 00:00:00 GMT 1986,https://upload.wikimedia.org/wikipedia/commons/thumb/c/c9/Fats_2.jpg/75px-Fats_2.jpg,Fats Domino,https://en.wikipedia.org/wiki/Fats_Domino,//upload.wikimedia.org/wikipedia/commons/thumb/c/c9/Fats_2.jpg/75px-Fats_2.jpg,Fats Domino performing live in New York,1986,Fats Domino,/wiki/Fats_Domino,
Wed Jan 01 00:00:00 GMT 1986,https://upload.wikimedia.org/wikipedia/commons/thumb/c/cb/Everly_Brothers_-_Cropped.jpg/75px-Everly_Brothers_-_Cropped.jpg,The Everly Brothers,https://en.wikipedia.org/wiki/The_Everly_Brothers,//upload.wikimedia.org/wikipedia/commons/thumb/c/cb/Everly_Brothers_-_Cropped.jpg/75px-Everly_Brothers_-_Cropped.jpg,Phil (left) and Don (right) Everly in 1958,1986,The Everly Brothers,/wiki/The_Everly_Brothers,Don Everly and Phil Everly. [10]
Wed Jan 01 00:00:00 GMT 1986,https://upload.wikimedia.org/wikipedia/commons/thumb/1/14/Buddy_Holly_cropped.JPG/75px-Buddy_Holly_cropped.JPG,Buddy Holly,https://en.wikipedia.org/wiki/Buddy_Holly,//upload.wikimedia.org/wikipedia/commons/thumb/1/14/Buddy_Holly_cropped.JPG/75px-Buddy_Holly_cropped.JPG,Buddy Holly in 1957,1986,Buddy Holly,/wiki/Buddy_Holly,
Wed Jan 01 00:00:00 GMT 1986,https://upload.wikimedia.org/wikipedia/commons/thumb/3/38/Jerry_Lee.jpg/75px-Jerry_Lee.jpg,Jerry Lee Lewis,https://en.wikipedia.org/wiki/Jerry_Lee_Lewis,//upload.wikimedia.org/wikipedia/commons/thumb/3/38/Jerry_Lee.jpg/75px-Jerry_Lee.jpg,"Lewis performing in Memphis, April 2011",1986,Jerry Lee Lewis,/wiki/Jerry_Lee_Lewis,
Wed Jan 01 00:00:00 GMT 1986,https://upload.wikimedia.org/wikipedia/commons/thumb/5/50/Little_Richard_%281967%29.png/75px-Little_Richard_%281967%29.png,Little Richard,https://en.wikipedia.org/wiki/Little_Richard,//upload.wikimedia.org/wikipedia/commons/thumb/5/50/Little_Richard_%281967%29.png/75px-Little_Richard_%281967%29.png,Little Richard in 1967,1986,Little Richard,/wiki/Little_Richard,
Wed Jan 01 00:00:00 GMT 1986,https://upload.wikimedia.org/wikipedia/commons/thumb/9/99/Elvis_Presley_promoting_Jailhouse_Rock.jpg/75px-Elvis_Presley_promoting_Jailhouse_Rock.jpg,Elvis Presley,https://en.wikipedia.org/wiki/Elvis_Presley,//upload.wikimedia.org/wikipedia/commons/thumb/9/99/Elvis_Presley_promoting_Jailhouse_Rock.jpg/75px-Elvis_Presley_promoting_Jailhouse_Rock.jpg,Presley in a publicity photograph for the 1957 film Jailhouse Rock,1986,Elvis Presley,/wiki/Elvis_Presley,
Thu Jan 01 00:00:00 GMT 1987,https://upload.wikimedia.org/wikipedia/commons/thumb/3/3a/The_Coasters_1957.JPG/75px-The_Coasters_1957.JPG,The Coasters,https://en.wikipedia.org/wiki/The_Coasters,//upload.wikimedia.org/wikipedia/commons/thumb/3/3a/The_Coasters_1957.JPG/75px-The_Coasters_1957.JPG,The Coasters 1957.JPG,1987,The Coasters,/wiki/The_Coasters,"Carl Gardner, Cornell Gunter, Billy Guy, and Will ""Dub"" Jones. [11]"
Thu Jan 01 00:00:00 GMT 1987,https://upload.wikimedia.org/wikipedia/commons/thumb/1/1c/Eddie_Cochran.jpg/75px-Eddie_Cochran.jpg,Eddie Cochran,https://en.wikipedia.org/wiki/Eddie_Cochran,//upload.wikimedia.org/wikipedia/commons/thumb/1/1c/Eddie_Cochran.jpg/75px-Eddie_Cochran.jpg,Eddie Cochran.jpg,1987,Eddie Cochran,/wiki/Eddie_Cochran,
Thu Jan 01 00:00:00 GMT 1987,https://upload.wikimedia.org/wikipedia/commons/thumb/4/47/Bo_Diddley_Prag_2005_02.jpg/75px-Bo_Diddley_Prag_2005_02.jpg,Bo Diddley,https://en.wikipedia.org/wiki/Bo_Diddley,//upload.wikimedia.org/wikipedia/commons/thumb/4/47/Bo_Diddley_Prag_2005_02.jpg/75px-Bo_Diddley_Prag_2005_02.jpg,"Diddley performing in Pague, Czech Republic, 2005",1987,Bo Diddley,/wiki/Bo_Diddley,
Thu Jan 01 00:00:00 GMT 1987,https://upload.wikimedia.org/wikipedia/commons/thumb/b/b5/Aretha_Franklin_on_January_20%2C_2009.jpg/75px-Aretha_Franklin_on_January_20%2C_2009.jpg,Aretha Franklin,https://en.wikipedia.org/wiki/Aretha_Franklin,//upload.wikimedia.org/wikipedia/commons/thumb/b/b5/Aretha_Franklin_on_January_20%2C_2009.jpg/75px-Aretha_Franklin_on_January_20%2C_2009.jpg,"Franklin performing during the presidential inauguration of Barack Obama at Washington, D.C., January 20, 2009",1987,Aretha Franklin,/wiki/Aretha_Franklin,
Thu Jan 01 00:00:00 GMT 1987,https://upload.wikimedia.org/wikipedia/commons/thumb/3/3a/Marvin_Gaye_%281973%29.png/75px-Marvin_Gaye_%281973%29.png,Marvin Gaye,https://en.wikipedia.org/wiki/Marvin_Gaye,//upload.wikimedia.org/wikipedia/commons/thumb/3/3a/Marvin_Gaye_%281973%29.png/75px-Marvin_Gaye_%281973%29.png,Gaye in 1973,1987,Marvin Gaye,/wiki/Marvin_Gaye,
Thu Jan 01 00:00:00 GMT 1987,https://upload.wikimedia.org/wikipedia/commons/thumb/d/df/Bill_Haley_%281974%29.jpg/75px-Bill_Haley_%281974%29.jpg,Bill Haley,https://en.wikipedia.org/wiki/Bill_Haley,//upload.wikimedia.org/wikipedia/commons/thumb/d/df/Bill_Haley_%281974%29.jpg/75px-Bill_Haley_%281974%29.jpg,Haley in 1974,1987,Bill Haley,/wiki/Bill_Haley,
Thu Jan 01 00:00:00 GMT 1987,https://upload.wikimedia.org/wikipedia/commons/thumb/3/32/B._B._King.jpg/75px-B._B._King.jpg,B.B. King,https://en.wikipedia.org/wiki/B.B._King,//upload.wikimedia.org/wikipedia/commons/thumb/3/32/B._B._King.jpg/75px-B._B._King.jpg,King performing at the White House,1987,B.B. King,/wiki/B.B._King,
Thu Jan 01 00:00:00 GMT 1987,https://upload.wikimedia.org/wikipedia/commons/thumb/6/60/Clyde_McPhatter.png/75px-Clyde_McPhatter.png,Clyde McPhatter,https://en.wikipedia.org/wiki/Clyde_McPhatter,//upload.wikimedia.org/wikipedia/commons/thumb/6/60/Clyde_McPhatter.png/75px-Clyde_McPhatter.png,Clyde McPhatter.png,1987,Clyde McPhatter,/wiki/Clyde_McPhatter,
Thu Jan 01 00:00:00 GMT 1987,https://upload.wikimedia.org/wikipedia/commons/thumb/a/af/Ricky_Nelson_free.jpg/75px-Ricky_Nelson_free.jpg,Ricky Nelson,https://en.wikipedia.org/wiki/Ricky_Nelson,//upload.wikimedia.org/wikipedia/commons/thumb/a/af/Ricky_Nelson_free.jpg/75px-Ricky_Nelson_free.jpg,Ricky Nelson free.jpg,1987,Ricky Nelson,/wiki/Ricky_Nelson,
Thu Jan 01 00:00:00 GMT 1987,https://upload.wikimedia.org/wikipedia/commons/thumb/d/d9/Roy_Orbison_1965.jpg/75px-Roy_Orbison_1965.jpg,Roy Orbison,https://en.wikipedia.org/wiki/Roy_Orbison,//upload.wikimedia.org/wikipedia/commons/thumb/d/d9/Roy_Orbison_1965.jpg/75px-Roy_Orbison_1965.jpg,Orbison in 1965,1987,Roy Orbison,/wiki/Roy_Orbison,
Thu Jan 01 00:00:00 GMT 1987,https://upload.wikimedia.org/wikipedia/commons/thumb/e/e6/Carlperkins_Sun_records.jpg/75px-Carlperkins_Sun_records.jpg,Carl Perkins,https://en.wikipedia.org/wiki/Carl_Perkins,//upload.wikimedia.org/wikipedia/commons/thumb/e/e6/Carlperkins_Sun_records.jpg/75px-Carlperkins_Sun_records.jpg,"Carl Perkins, c. 1955",1987,Carl Perkins,/wiki/Carl_Perkins,
Thu Jan 01 00:00:00 GMT 1987,https://upload.wikimedia.org/wikipedia/commons/thumb/9/9a/SmokeyRobinson2.jpg/75px-SmokeyRobinson2.jpg,Smokey Robinson,https://en.wikipedia.org/wiki/Smokey_Robinson,//upload.wikimedia.org/wikipedia/commons/thumb/9/9a/SmokeyRobinson2.jpg/75px-SmokeyRobinson2.jpg,"Robinson in concert at the Chumash Casino Resort in Santa Ynez, California, 2006",1987,Smokey Robinson,/wiki/Smokey_Robinson,
Thu Jan 01 00:00:00 GMT 1987,https://upload.wikimedia.org/wikipedia/commons/thumb/4/40/Big_Joe_Turner%2C_Hamburg_1974_%28Heinrich_Klaffs_Collection_86%29.jpg/75px-Big_Joe_Turner%2C_Hamburg_1974_%28Heinrich_Klaffs_Collection_86%29.jpg,Big Joe Turner,https://en.wikipedia.org/wiki/Big_Joe_Turner,//upload.wikimedia.org/wikipedia/commons/thumb/4/40/Big_Joe_Turner%2C_Hamburg_1974_%28Heinrich_Klaffs_Collection_86%29.jpg/75px-Big_Joe_Turner%2C_Hamburg_1974_%28Heinrich_Klaffs_Collection_86%29.jpg,"Big Joe Turner performing in Hamburg, Germany, 1974",1987,Big Joe Turner,/wiki/Big_Joe_Turner,
Thu Jan 01 00:00:00 GMT 1987,https://upload.wikimedia.org/wikipedia/commons/thumb/4/42/Muddy_Waters_%28blues_musician%29-cropped.jpg/75px-Muddy_Waters_%28blues_musician%29-cropped.jpg,Muddy Waters,https://en.wikipedia.org/wiki/Muddy_Waters,//upload.wikimedia.org/wikipedia/commons/thumb/4/42/Muddy_Waters_%28blues_musician%29-cropped.jpg/75px-Muddy_Waters_%28blues_musician%29-cropped.jpg,"Muddy Waters at the opening of Peaches Records & Tapes in Rockville, Maryland (mid-1970s)",1987,Muddy Waters,/wiki/Muddy_Waters,
Thu Jan 01 00:00:00 GMT 1987,https://upload.wikimedia.org/wikipedia/commons/thumb/f/f5/Jackie_Wilson_1961.jpg/75px-Jackie_Wilson_1961.jpg,Jackie Wilson,https://en.wikipedia.org/wiki/Jackie_Wilson,//upload.wikimedia.org/wikipedia/commons/thumb/f/f5/Jackie_Wilson_1961.jpg/75px-Jackie_Wilson_1961.jpg,Jackie Wilson 1961.jpg,1987,Jackie Wilson,/wiki/Jackie_Wilson,
Fri Jan 01 00:00:00 GMT 1988,https://upload.wikimedia.org/wikipedia/commons/thumb/a/a8/The_Beach_Boys_%281965%29.png/75px-The_Beach_Boys_%281965%29.png,The Beach Boys,https://en.wikipedia.org/wiki/The_Beach_Boys,//upload.wikimedia.org/wikipedia/commons/thumb/a/a8/The_Beach_Boys_%281965%29.png/75px-The_Beach_Boys_%281965%29.png,The Beach Boys (1965).png,1988,The Beach Boys,/wiki/The_Beach_Boys,"Al Jardine, Mike Love, Brian Wilson, Carl Wilson, and Dennis Wilson. [12]"
Fri Jan 01 00:00:00 GMT 1988,https://upload.wikimedia.org/wikipedia/commons/thumb/d/df/The_Fabs.JPG/75px-The_Fabs.JPG,The Beatles,https://en.wikipedia.org/wiki/The_Beatles,//upload.wikimedia.org/wikipedia/commons/thumb/d/df/The_Fabs.JPG/75px-The_Fabs.JPG,"Top: Lennon, McCartney  Bottom: Harrison, Starr",1988,The Beatles,/wiki/The_Beatles,"George Harrison, John Lennon, Paul McCartney, and Ringo Starr. [13]"
Fri Jan 01 00:00:00 GMT 1988,https://upload.wikimedia.org/wikipedia/commons/thumb/6/65/The_Drifters.png/75px-The_Drifters.png,The Drifters,https://en.wikipedia.org/wiki/The_Drifters,//upload.wikimedia.org/wikipedia/commons/thumb/6/65/The_Drifters.png/75px-The_Drifters.png,The Drifters.png,1988,The Drifters,/wiki/The_Drifters,"Ben E. King, Rudy Lewis, Clyde McPhatter, Johnny Moore, Bill Pinkney, Charlie Thomas, and Gerhart Thrasher. [14]"
Fri Jan 01 00:00:00 GMT 1988,https://upload.wikimedia.org/wikipedia/commons/thumb/2/28/Joan_Baez_Bob_Dylan_crop.jpg/75px-Joan_Baez_Bob_Dylan_crop.jpg,Bob Dylan,https://en.wikipedia.org/wiki/Bob_Dylan,//upload.wikimedia.org/wikipedia/commons/thumb/2/28/Joan_Baez_Bob_Dylan_crop.jpg/75px-Joan_Baez_Bob_Dylan_crop.jpg,"Dylan performing with Joan Baez during the civil rights ""March on Washington for Jobs and Freedom"", August 28, 1963",1988,Bob Dylan,/wiki/Bob_Dylan,
Fri Jan 01 00:00:00 GMT 1988,https://upload.wikimedia.org/wikipedia/commons/thumb/c/c7/The_Supremes_1966.JPG/75px-The_Supremes_1966.JPG,The Supremes,https://en.wikipedia.org/wiki/The_Supremes,//upload.wikimedia.org/wikipedia/commons/thumb/c/c7/The_Supremes_1966.JPG/75px-The_Supremes_1966.JPG,The Supremes 1966.JPG,1988,The Supremes,/wiki/The_Supremes,"Florence Ballard, Diana Ross, and Mary Wilson. [15]"
Sun Jan 01 00:00:00 GMT 1989,https://upload.wikimedia.org/wikipedia/commons/thumb/a/ac/DionDiMucci.jpg/75px-DionDiMucci.jpg,Dion DiMucci,https://en.wikipedia.org/wiki/Dion_DiMucci,//upload.wikimedia.org/wikipedia/commons/thumb/a/ac/DionDiMucci.jpg/75px-DionDiMucci.jpg,Dion performing in New York,1989,Dion,/wiki/Dion_DiMucci,
Sun Jan 01 00:00:00 GMT 1989,https://upload.wikimedia.org/wikipedia/commons/thumb/f/f0/Otis_Redding_%282%29.png/75px-Otis_Redding_%282%29.png,Otis Redding,https://en.wikipedia.org/wiki/Otis_Redding,//upload.wikimedia.org/wikipedia/commons/thumb/f/f0/Otis_Redding_%282%29.png/75px-Otis_Redding_%282%29.png,Otis Redding in January 1967,1989,Otis Redding,/wiki/Otis_Redding,
Sun Jan 01 00:00:00 GMT 1989,https://upload.wikimedia.org/wikipedia/commons/thumb/a/af/Stones_members_montage2.jpg/75px-Stones_members_montage2.jpg,The Rolling Stones,https://en.wikipedia.org/wiki/The_Rolling_Stones,//upload.wikimedia.org/wikipedia/commons/thumb/a/af/Stones_members_montage2.jpg/75px-Stones_members_montage2.jpg,"Mick Jagger, Keith RichardsRonnie Wood, Charlie Watts",1989,The Rolling Stones,/wiki/The_Rolling_Stones,"Mick Jagger, Brian Jones, Keith Richards, Ian Stewart, Mick Taylor, Charlie Watts, Ronnie Wood and Bill Wyman. [16]"
Sun Jan 01 00:00:00 GMT 1989,https://upload.wikimedia.org/wikipedia/commons/thumb/2/2f/The_Temptations_on_the_Ed_Sullivan_Show.JPG/75px-The_Temptations_on_the_Ed_Sullivan_Show.JPG,The Temptations,https://en.wikipedia.org/wiki/The_Temptations,//upload.wikimedia.org/wikipedia/commons/thumb/2/2f/The_Temptations_on_the_Ed_Sullivan_Show.JPG/75px-The_Temptations_on_the_Ed_Sullivan_Show.JPG,The Temptations on the Ed Sullivan Show.JPG,1989,The Temptations,/wiki/The_Temptations,"Melvin Franklin, Eddie Kendricks, David Ruffin, Otis Williams, Paul Williams, Dennis Edwards. [17]"
Sun Jan 01 00:00:00 GMT 1989,https://upload.wikimedia.org/wikipedia/commons/thumb/5/54/Stevie_Wonder_1973.JPG/75px-Stevie_Wonder_1973.JPG,Stevie Wonder,https://en.wikipedia.org/wiki/Stevie_Wonder,//upload.wikimedia.org/wikipedia/commons/thumb/5/54/Stevie_Wonder_1973.JPG/75px-Stevie_Wonder_1973.JPG,"Wonder in a recording studio, 1973",1989,Stevie Wonder,/wiki/Stevie_Wonder,
Mon Jan 01 00:00:00 GMT 1990,,Hank Ballard,https://en.wikipedia.org/wiki/Hank_Ballard,,,1990,Hank Ballard,/wiki/Hank_Ballard,
Mon Jan 01 00:00:00 GMT 1990,https://upload.wikimedia.org/wikipedia/commons/thumb/e/e0/Charlie_Christian.jpg/75px-Charlie_Christian.jpg,Charlie Christian,https://en.wikipedia.org/wiki/Charlie_Christian,//upload.wikimedia.org/wikipedia/commons/thumb/e/e0/Charlie_Christian.jpg/75px-Charlie_Christian.jpg,Charlie Christian.jpg,1990,Charlie Christian,/wiki/Charlie_Christian,
Mon Jan 01 00:00:00 GMT 1990,https://upload.wikimedia.org/wikipedia/commons/thumb/7/7a/Bobby_Darin_1959.JPG/75px-Bobby_Darin_1959.JPG,Bobby Darin,https://en.wikipedia.org/wiki/Bobby_Darin,//upload.wikimedia.org/wikipedia/commons/thumb/7/7a/Bobby_Darin_1959.JPG/75px-Bobby_Darin_1959.JPG,Bobby Darin 1959.JPG,1990,Bobby Darin,/wiki/Bobby_Darin,
Mon Jan 01 00:00:00 GMT 1990,https://upload.wikimedia.org/wikipedia/commons/thumb/7/7f/Frankie_Valli_and_The_Four_Seasons.jpg/75px-Frankie_Valli_and_The_Four_Seasons.jpg,The Four Seasons (band),https://en.wikipedia.org/wiki/The_Four_Seasons_(band),//upload.wikimedia.org/wikipedia/commons/thumb/7/7f/Frankie_Valli_and_The_Four_Seasons.jpg/75px-Frankie_Valli_and_The_Four_Seasons.jpg,Frankie Valli and The Four Seasons.jpg,1990,The Four Seasons,/wiki/The_Four_Seasons_(band),"Tom DeVito, Bob Gaudio, Nick Massi, and Frankie Valli. [18]"
Mon Jan 01 00:00:00 GMT 1990,https://upload.wikimedia.org/wikipedia/commons/thumb/d/d7/Grand_Gala_du_Disque_Populaire_1968_-_The_Four_Tops_1.jpg/75px-Grand_Gala_du_Disque_Populaire_1968_-_The_Four_Tops_1.jpg,Four Tops,https://en.wikipedia.org/wiki/Four_Tops,//upload.wikimedia.org/wikipedia/commons/thumb/d/d7/Grand_Gala_du_Disque_Populaire_1968_-_The_Four_Tops_1.jpg/75px-Grand_Gala_du_Disque_Populaire_1968_-_The_Four_Tops_1.jpg,Grand Gala du Disque Populaire 1968 - The Four Tops 1.jpg,1990,Four Tops,/wiki/Four_Tops,"Renaldo ""Obie"" Benson, Abdul ""Duke"" Fakir, Lawrence Payton, and Levi Stubbs. [19]"
Mon Jan 01 00:00:00 GMT 1990,https://upload.wikimedia.org/wikipedia/commons/thumb/8/88/Helmfrid-sofa4_Touched.JPG/75px-Helmfrid-sofa4_Touched.JPG,The Kinks,https://en.wikipedia.org/wiki/The_Kinks,//upload.wikimedia.org/wikipedia/commons/thumb/8/88/Helmfrid-sofa4_Touched.JPG/75px-Helmfrid-sofa4_Touched.JPG,"left to right: Pete Quaife, Dave Davies, Ray Davies, Mick Avory.",1990,The Kinks,/wiki/The_Kinks,"Mick Avory, Dave Davies, Ray Davies, and Pete Quaife. [20]"
Mon Jan 01 00:00:00 GMT 1990,https://upload.wikimedia.org/wikipedia/commons/thumb/f/fc/The_Platters_First_Promo_Photo.jpg/75px-The_Platters_First_Promo_Photo.jpg,The Platters,https://en.wikipedia.org/wiki/The_Platters,//upload.wikimedia.org/wikipedia/commons/thumb/f/fc/The_Platters_First_Promo_Photo.jpg/75px-The_Platters_First_Promo_Photo.jpg,The Platters First Promo Photo.jpg,1990,The Platters,/wiki/The_Platters,"David Lynch, Herb Reed, Paul Robi, Zola Taylor, and Tony Williams. [21]"
Mon Jan 01 00:00:00 GMT 1990,https://upload.wikimedia.org/wikipedia/commons/thumb/e/e5/SimonandGarfunkel.jpg/75px-SimonandGarfunkel.jpg,Simon & Garfunkel,https://en.wikipedia.org/wiki/Simon_%26_Garfunkel,//upload.wikimedia.org/wikipedia/commons/thumb/e/e5/SimonandGarfunkel.jpg/75px-SimonandGarfunkel.jpg,"Paul Simon (right) and Art Garfunkel performing in Dublin, 1982",1990,Simon & Garfunkel,/wiki/Simon_%26_Garfunkel,Paul Simon and Art Garfunkel. [22]
Mon Jan 01 00:00:00 GMT 1990,https://upload.wikimedia.org/wikipedia/commons/thumb/9/92/Who_-_1975.jpg/75px-Who_-_1975.jpg,The Who,https://en.wikipedia.org/wiki/The_Who,//upload.wikimedia.org/wikipedia/commons/thumb/9/92/Who_-_1975.jpg/75px-Who_-_1975.jpg,"The Who in 1975, left to right: Roger Daltrey, John Entwistle, Keith Moon, Pete Townshend",1990,The Who,/wiki/The_Who,"Roger Daltrey, John Entwistle, Keith Moon, and Pete Townshend. [23]"
Tue Jan 01 00:00:00 GMT 1991,https://upload.wikimedia.org/wikipedia/commons/thumb/0/01/LaVern_Baker_1956.jpg/75px-LaVern_Baker_1956.jpg,LaVern Baker,https://en.wikipedia.org/wiki/LaVern_Baker,//upload.wikimedia.org/wikipedia/commons/thumb/0/01/LaVern_Baker_1956.jpg/75px-LaVern_Baker_1956.jpg,Baker in 1956,1991,LaVern Baker,/wiki/LaVern_Baker,
Tue Jan 01 00:00:00 GMT 1991,,The Byrds,https://en.wikipedia.org/wiki/The_Byrds,,,1991,The Byrds,/wiki/The_Byrds,"Gene Clark, Michael Clarke, David Crosby, Chris Hillman, and Roger McGuinn. [24]"
Tue Jan 01 00:00:00 GMT 1991,https://upload.wikimedia.org/wikipedia/commons/thumb/7/74/JohnLeeHooker1997.jpg/75px-JohnLeeHooker1997.jpg,John Lee Hooker,https://en.wikipedia.org/wiki/John_Lee_Hooker,//upload.wikimedia.org/wikipedia/commons/thumb/7/74/JohnLeeHooker1997.jpg/75px-JohnLeeHooker1997.jpg,"John Lee Hooker performing at the Long Beach Blues Festival, California, August 31, 1997",1991,John Lee Hooker,/wiki/John_Lee_Hooker,
Tue Jan 01 00:00:00 GMT 1991,,The Impressions,https://en.wikipedia.org/wiki/The_Impressions,,,1991,The Impressions,/wiki/The_Impressions,"Curtis Mayfield, Sam Gooden, Fred Cash, Arthur Brooks, Richard Brooks, and Jerry Butler. [25]"
Tue Jan 01 00:00:00 GMT 1991,,Wilson Pickett,https://en.wikipedia.org/wiki/Wilson_Pickett,,,1991,Wilson Pickett,/wiki/Wilson_Pickett,
Tue Jan 01 00:00:00 GMT 1991,,Jimmy Reed,https://en.wikipedia.org/wiki/Jimmy_Reed,,,1991,Jimmy Reed,/wiki/Jimmy_Reed,
Tue Jan 01 00:00:00 GMT 1991,https://upload.wikimedia.org/wikipedia/commons/thumb/6/62/Ike_%26_Tina_Turner_231172_Dia14.jpg/75px-Ike_%26_Tina_Turner_231172_Dia14.jpg,Ike & Tina Turner,https://en.wikipedia.org/wiki/Ike_%26_Tina_Turner,//upload.wikimedia.org/wikipedia/commons/thumb/6/62/Ike_%26_Tina_Turner_231172_Dia14.jpg/75px-Ike_%26_Tina_Turner_231172_Dia14.jpg,"Ike and Tina Turner performing in Hamburg, Germany, November 1972.",1991,Ike & Tina Turner,/wiki/Ike_%26_Tina_Turner,Ike Turner and Tina Turner. [26]
Wed Jan 01 00:00:00 GMT 1992,https://upload.wikimedia.org/wikipedia/commons/thumb/a/a3/BobbyBland1996.jpg/75px-BobbyBland1996.jpg,Bobby Bland,https://en.wikipedia.org/wiki/Bobby_Bland,//upload.wikimedia.org/wikipedia/commons/thumb/a/a3/BobbyBland1996.jpg/75px-BobbyBland1996.jpg,"Bobby Bland at the Long Beach Blues Festival, 1996",1992,"Bobby ""Blue"" Bland",/wiki/Bobby_Bland,
Wed Jan 01 00:00:00 GMT 1992,https://upload.wikimedia.org/wikipedia/commons/thumb/f/f4/Booker_T._%26_the_M.G%27s.png/75px-Booker_T._%26_the_M.G%27s.png,Booker T. & the M.G.'s,https://en.wikipedia.org/wiki/Booker_T._%26_the_M.G.%27s,//upload.wikimedia.org/wikipedia/commons/thumb/f/f4/Booker_T._%26_the_M.G%27s.png/75px-Booker_T._%26_the_M.G%27s.png,Booker T. & the M.G's.png,1992,Booker T. & the M.G.'s,/wiki/Booker_T._%26_the_M.G.%27s,"Booker T. Jones, Steve Cropper, Donald ""Duck"" Dunn, Al Jackson, Jr., and Lewie Steinberg. [27]"
Wed Jan 01 00:00:00 GMT 1992,https://upload.wikimedia.org/wikipedia/commons/thumb/f/f2/JohnnyCash1969.jpg/75px-JohnnyCash1969.jpg,Johnny Cash,https://en.wikipedia.org/wiki/Johnny_Cash,//upload.wikimedia.org/wikipedia/commons/thumb/f/f2/JohnnyCash1969.jpg/75px-JohnnyCash1969.jpg,Cash in 1969,1992,Johnny Cash,/wiki/Johnny_Cash,
Wed Jan 01 00:00:00 GMT 1992,,The Isley Brothers,https://en.wikipedia.org/wiki/The_Isley_Brothers,,,1992,The Isley Brothers,/wiki/The_Isley_Brothers,"Ernie Isley, Marvin Isley, O'Kelly Isley, Jr., Ronald Isley, Rudolph Isley, and Chris Jasper. [28]"
Wed Jan 01 00:00:00 GMT 1992,https://upload.wikimedia.org/wikipedia/commons/thumb/4/4c/Jimi_Hendrix_Experience_in_Fenklup.png/75px-Jimi_Hendrix_Experience_in_Fenklup.png,The Jimi Hendrix Experience,https://en.wikipedia.org/wiki/The_Jimi_Hendrix_Experience,//upload.wikimedia.org/wikipedia/commons/thumb/4/4c/Jimi_Hendrix_Experience_in_Fenklup.png/75px-Jimi_Hendrix_Experience_in_Fenklup.png,"The Jimi Hendrix Experience performing for Dutch television in 1967. From left to right: Jimi Hendrix, Noel Redding and Mitch Mitchell.",1992,The Jimi Hendrix Experience,/wiki/The_Jimi_Hendrix_Experience,"Jimi Hendrix, Mitch Mitchell, and Noel Redding. [29]"
Wed Jan 01 00:00:00 GMT 1992,https://upload.wikimedia.org/wikipedia/commons/thumb/3/39/Sam_%26_Dave_%282%29.png/75px-Sam_%26_Dave_%282%29.png,Sam & Dave,https://en.wikipedia.org/wiki/Sam_%26_Dave,//upload.wikimedia.org/wikipedia/commons/thumb/3/39/Sam_%26_Dave_%282%29.png/75px-Sam_%26_Dave_%282%29.png,Sam & Dave (2).png,1992,Sam & Dave,/wiki/Sam_%26_Dave,Sam Moore and Dave Prater. [30]
Wed Jan 01 00:00:00 GMT 1992,,The Yardbirds,https://en.wikipedia.org/wiki/The_Yardbirds,,,1992,The Yardbirds,/wiki/The_Yardbirds,"Jeff Beck, Eric Clapton, Chris Dreja, Jim McCarty, Jimmy Page, Keith Relf, and Paul Samwell-Smith. [31]"
Fri Jan 01 00:00:00 GMT 1993,https://upload.wikimedia.org/wikipedia/commons/thumb/d/d6/Ruth_Brown_cropped.jpg/75px-Ruth_Brown_cropped.jpg,Ruth Brown,https://en.wikipedia.org/wiki/Ruth_Brown,//upload.wikimedia.org/wikipedia/commons/thumb/d/d6/Ruth_Brown_cropped.jpg/75px-Ruth_Brown_cropped.jpg,"Ruth Brown performing at the Bull Durham Blues Festival, September 2005",1993,Ruth Brown,/wiki/Ruth_Brown,
Fri Jan 01 00:00:00 GMT 1993,https://upload.wikimedia.org/wikipedia/commons/thumb/5/58/Cream_Clapton_Bruce_Baker_1960s.jpg/75px-Cream_Clapton_Bruce_Baker_1960s.jpg,Cream (band),https://en.wikipedia.org/wiki/Cream_(band),//upload.wikimedia.org/wikipedia/commons/thumb/5/58/Cream_Clapton_Bruce_Baker_1960s.jpg/75px-Cream_Clapton_Bruce_Baker_1960s.jpg,"Cream in 1967. From left to right: Ginger Baker, Jack Bruce, and Eric Clapton.",1993,Cream,/wiki/Cream_(band),"Ginger Baker, Jack Bruce, and Eric Clapton. [32]"
Fri Jan 01 00:00:00 GMT 1993,https://upload.wikimedia.org/wikipedia/commons/thumb/e/ee/Creedence_Clearwater_Revival_1968.jpg/75px-Creedence_Clearwater_Revival_1968.jpg,Creedence Clearwater Revival,https://en.wikipedia.org/wiki/Creedence_Clearwater_Revival,//upload.wikimedia.org/wikipedia/commons/thumb/e/ee/Creedence_Clearwater_Revival_1968.jpg/75px-Creedence_Clearwater_Revival_1968.jpg,"Creedence Clearwater Revival in 1968. From left to right: Tom Fogerty, Doug Clifford, Stu Cook and John Fogerty.",1993,Creedence Clearwater Revival,/wiki/Creedence_Clearwater_Revival,"Doug Clifford, Stu Cook, John Fogerty, and Tom Fogerty. [33]"
Fri Jan 01 00:00:00 GMT 1993,https://upload.wikimedia.org/wikipedia/commons/thumb/6/60/Doors_electra_publicity_photo.JPG/75px-Doors_electra_publicity_photo.JPG,The Doors,https://en.wikipedia.org/wiki/The_Doors,//upload.wikimedia.org/wikipedia/commons/thumb/6/60/Doors_electra_publicity_photo.JPG/75px-Doors_electra_publicity_photo.JPG,"Promotional photo of the Doors in late 1966  (l–r: John Densmore, Robby Krieger, Ray Manzarek and Jim Morrison)",1993,The Doors,/wiki/The_Doors,"John Densmore, Robby Krieger, Ray Manzarek, and Jim Morrison. [34]"
Fri Jan 01 00:00:00 GMT 1993,https://upload.wikimedia.org/wikipedia/commons/thumb/7/75/Frankie_Lymon_and_The_Teenagers_1957.JPG/75px-Frankie_Lymon_and_The_Teenagers_1957.JPG,The Teenagers,https://en.wikipedia.org/wiki/The_Teenagers,//upload.wikimedia.org/wikipedia/commons/thumb/7/75/Frankie_Lymon_and_The_Teenagers_1957.JPG/75px-Frankie_Lymon_and_The_Teenagers_1957.JPG,Frankie Lymon and The Teenagers 1957.JPG,1993,Frankie Lymon & The Teenagers,/wiki/The_Teenagers,"Herman Santiago, Jimmy Merchant, Sherman Garnes, Frankie Lymon and Joe Negroni [35]"
Fri Jan 01 00:00:00 GMT 1993,https://upload.wikimedia.org/wikipedia/commons/thumb/c/c0/Etta_James04.JPG/75px-Etta_James04.JPG,Etta James,https://en.wikipedia.org/wiki/Etta_James,//upload.wikimedia.org/wikipedia/commons/thumb/c/c0/Etta_James04.JPG/75px-Etta_James04.JPG,"Etta James in Deauville, France, July 1990",1993,Etta James,/wiki/Etta_James,
Fri Jan 01 00:00:00 GMT 1993,https://upload.wikimedia.org/wikipedia/commons/thumb/8/8d/Van-Morrison.jpg/75px-Van-Morrison.jpg,Van Morrison,https://en.wikipedia.org/wiki/Van_Morrison,//upload.wikimedia.org/wikipedia/commons/thumb/8/8d/Van-Morrison.jpg/75px-Van-Morrison.jpg,Van-Morrison.jpg,1993,Van Morrison,/wiki/Van_Morrison,
Fri Jan 01 00:00:00 GMT 1993,,Sly and the Family Stone,https://en.wikipedia.org/wiki/Sly_and_the_Family_Stone,,,1993,Sly and the Family Stone,/wiki/Sly_and_the_Family_Stone,"Gregg Errico, Larry Graham, Jerry Martini, Cynthia Robinson, Freddie Stone, Rosie Stone, and Sly Stone. [36]"
Sat Jan 01 00:00:00 GMT 1994,https://upload.wikimedia.org/wikipedia/commons/thumb/0/02/Eric_Burdon_%26_the_Animals.jpg/75px-Eric_Burdon_%26_the_Animals.jpg,The Animals,https://en.wikipedia.org/wiki/The_Animals,//upload.wikimedia.org/wikipedia/commons/thumb/0/02/Eric_Burdon_%26_the_Animals.jpg/75px-Eric_Burdon_%26_the_Animals.jpg,Eric Burdon & the Animals.jpg,1994,The Animals,/wiki/The_Animals,"Eric Burdon, Chas Chandler, Alan Price, John Steel, and Hilton Valentine. [37]"
Sat Jan 01 00:00:00 GMT 1994,https://upload.wikimedia.org/wikipedia/commons/thumb/8/89/The_Band_%281969%29.png/75px-The_Band_%281969%29.png,The Band,https://en.wikipedia.org/wiki/The_Band,//upload.wikimedia.org/wikipedia/commons/thumb/8/89/The_Band_%281969%29.png/75px-The_Band_%281969%29.png,"The Band in 1969. Left to right: Manuel, Hudson, Helm, Robertson and Danko.",1994,The Band,/wiki/The_Band,"Rick Danko, Levon Helm, Garth Hudson, Richard Manuel, and Robbie Robertson. [38]"
Sat Jan 01 00:00:00 GMT 1994,https://upload.wikimedia.org/wikipedia/commons/thumb/6/63/Duane_Eddy_1960.JPG/75px-Duane_Eddy_1960.JPG,Duane Eddy,https://en.wikipedia.org/wiki/Duane_Eddy,//upload.wikimedia.org/wikipedia/commons/thumb/6/63/Duane_Eddy_1960.JPG/75px-Duane_Eddy_1960.JPG,Duane Eddy 1960.JPG,1994,Duane Eddy,/wiki/Duane_Eddy,
Sat Jan 01 00:00:00 GMT 1994,https://upload.wikimedia.org/wikipedia/commons/thumb/6/6b/Grateful_Dead_%281970%29.png/75px-Grateful_Dead_%281970%29.png,Grateful Dead,https://en.wikipedia.org/wiki/Grateful_Dead,//upload.wikimedia.org/wikipedia/commons/thumb/6/6b/Grateful_Dead_%281970%29.png/75px-Grateful_Dead_%281970%29.png,"The Grateful Dead in 1970, from a promotional photo shoot. Left to right: Bill Kreutzmann, Ron ""Pigpen"" McKernan, Jerry Garcia, Bob Weir, Mickey Hart, Phil Lesh.",1994,Grateful Dead,/wiki/Grateful_Dead,"Tom Constanten, Jerry Garcia, Donna Jean Godchaux, Keith Godchaux, Mickey Hart, Robert Hunter, Bill Kreutzmann, Phil Lesh, Ron McKernan, Brent Mydland, Bob Weir, and Vince Welnick. [39]"
Sat Jan 01 00:00:00 GMT 1994,https://upload.wikimedia.org/wikipedia/commons/thumb/c/cf/Elton_John_in_Norway_4.jpg/75px-Elton_John_in_Norway_4.jpg,Elton John,https://en.wikipedia.org/wiki/Elton_John,//upload.wikimedia.org/wikipedia/commons/thumb/c/cf/Elton_John_in_Norway_4.jpg/75px-Elton_John_in_Norway_4.jpg,"Elton John performs at the Skagerak Arena in Skien, Norway, June 2009",1994,Elton John,/wiki/Elton_John,
Sat Jan 01 00:00:00 GMT 1994,https://upload.wikimedia.org/wikipedia/commons/thumb/5/51/JohnLennonpeace.jpg/75px-JohnLennonpeace.jpg,John Lennon,https://en.wikipedia.org/wiki/John_Lennon,//upload.wikimedia.org/wikipedia/commons/thumb/5/51/JohnLennonpeace.jpg/75px-JohnLennonpeace.jpg,"John Lennon rehearses Give Peace A Chance, 1969",1994,John Lennon,/wiki/John_Lennon,
Sat Jan 01 00:00:00 GMT 1994,https://upload.wikimedia.org/wikipedia/commons/thumb/5/5e/Bob-Marley.jpg/75px-Bob-Marley.jpg,Bob Marley,https://en.wikipedia.org/wiki/Bob_Marley,//upload.wikimedia.org/wikipedia/commons/thumb/5/5e/Bob-Marley.jpg/75px-Bob-Marley.jpg,Marley performing in 1980,1994,Bob Marley,/wiki/Bob_Marley,
Sat Jan 01 00:00:00 GMT 1994,https://upload.wikimedia.org/wikipedia/commons/thumb/f/f7/Rod_Stewart_86.jpg/75px-Rod_Stewart_86.jpg,Rod Stewart,https://en.wikipedia.org/wiki/Rod_Stewart,//upload.wikimedia.org/wikipedia/commons/thumb/f/f7/Rod_Stewart_86.jpg/75px-Rod_Stewart_86.jpg,Rod Stewart 86.jpg,1994,Rod Stewart,/wiki/Rod_Stewart,
Sun Jan 01 00:00:00 GMT 1995,https://upload.wikimedia.org/wikipedia/commons/thumb/4/46/Allman_Brothers_Band_13_Mar_2010.jpg/75px-Allman_Brothers_Band_13_Mar_2010.jpg,The Allman Brothers Band,https://en.wikipedia.org/wiki/The_Allman_Brothers_Band,//upload.wikimedia.org/wikipedia/commons/thumb/4/46/Allman_Brothers_Band_13_Mar_2010.jpg/75px-Allman_Brothers_Band_13_Mar_2010.jpg,Allman Brothers Band 13 Mar 2010.jpg,1995,The Allman Brothers Band,/wiki/The_Allman_Brothers_Band,"Duane Allman, Gregg Allman, Dickey Betts, Jai Johanny Johanson, Berry Oakley, and Butch Trucks. [40]"
Sun Jan 01 00:00:00 GMT 1995,https://upload.wikimedia.org/wikipedia/commons/thumb/a/ae/Al_Green.jpg/75px-Al_Green.jpg,Al Green,https://en.wikipedia.org/wiki/Al_Green,//upload.wikimedia.org/wikipedia/commons/thumb/a/ae/Al_Green.jpg/75px-Al_Green.jpg,"Green in concert at the Chumash Casino Resort, Santa Ynez, California, July 2006",1995,Al Green,/wiki/Al_Green,
Sun Jan 01 00:00:00 GMT 1995,https://upload.wikimedia.org/wikipedia/commons/thumb/9/94/Janis_Joplin_seated_1970.JPG/75px-Janis_Joplin_seated_1970.JPG,Janis Joplin,https://en.wikipedia.org/wiki/Janis_Joplin,//upload.wikimedia.org/wikipedia/commons/thumb/9/94/Janis_Joplin_seated_1970.JPG/75px-Janis_Joplin_seated_1970.JPG,Janis Joplin seated 1970.JPG,1995,Janis Joplin,/wiki/Janis_Joplin,
Sun Jan 01 00:00:00 GMT 1995,https://upload.wikimedia.org/wikipedia/commons/thumb/4/49/LedZeppelinmontage.jpg/75px-LedZeppelinmontage.jpg,Led Zeppelin,https://en.wikipedia.org/wiki/Led_Zeppelin,//upload.wikimedia.org/wikipedia/commons/thumb/4/49/LedZeppelinmontage.jpg/75px-LedZeppelinmontage.jpg,"Clockwise, from top left: Jimmy Page, John Bonham, Robert Plant, John Paul Jones",1995,Led Zeppelin,/wiki/Led_Zeppelin,"John Bonham, John Paul Jones, Jimmy Page, and Robert Plant [41]"
Sun Jan 01 00:00:00 GMT 1995,https://upload.wikimedia.org/wikipedia/commons/thumb/2/26/Martha_and_the_Vandellas_1965.JPG/75px-Martha_and_the_Vandellas_1965.JPG,Martha and the Vandellas,https://en.wikipedia.org/wiki/Martha_and_the_Vandellas,//upload.wikimedia.org/wikipedia/commons/thumb/2/26/Martha_and_the_Vandellas_1965.JPG/75px-Martha_and_the_Vandellas_1965.JPG,Martha and the Vandellas 1965.JPG,1995,Martha and the Vandellas,/wiki/Martha_and_the_Vandellas,"Rosalind Ashford, Annette Beard, Betty Kelly, Lois Reeves, Martha Reeves, and Sandra Tilley. [42]"
Sun Jan 01 00:00:00 GMT 1995,https://upload.wikimedia.org/wikipedia/en/thumb/e/e3/Neil_Young_-_1983.jpg/75px-Neil_Young_-_1983.jpg,Neil Young,https://en.wikipedia.org/wiki/Neil_Young,//upload.wikimedia.org/wikipedia/en/thumb/e/e3/Neil_Young_-_1983.jpg/75px-Neil_Young_-_1983.jpg,Neil Young - 1983.jpg,1995,Neil Young,/wiki/Neil_Young,
Sun Jan 01 00:00:00 GMT 1995,https://upload.wikimedia.org/wikipedia/commons/thumb/e/e6/Zappa.jpg/75px-Zappa.jpg,Frank Zappa,https://en.wikipedia.org/wiki/Frank_Zappa,//upload.wikimedia.org/wikipedia/commons/thumb/e/e6/Zappa.jpg/75px-Zappa.jpg,Frank Zappa performing in 1977,1995,Frank Zappa,/wiki/Frank_Zappa,
Mon Jan 01 00:00:00 GMT 1996,https://upload.wikimedia.org/wikipedia/commons/thumb/e/e8/David-Bowie_Chicago_2002-08-08_photoby_Adam-Bielawski-cropped.jpg/75px-David-Bowie_Chicago_2002-08-08_photoby_Adam-Bielawski-cropped.jpg,David Bowie,https://en.wikipedia.org/wiki/David_Bowie,//upload.wikimedia.org/wikipedia/commons/thumb/e/e8/David-Bowie_Chicago_2002-08-08_photoby_Adam-Bielawski-cropped.jpg/75px-David-Bowie_Chicago_2002-08-08_photoby_Adam-Bielawski-cropped.jpg,Bowie at Tweeter Center in Tinley Park during the Heathen Tour in 2002,1996,David Bowie,/wiki/David_Bowie,
Mon Jan 01 00:00:00 GMT 1996,https://upload.wikimedia.org/wikipedia/commons/thumb/f/f8/DN-SC-82-07155.jpg/75px-DN-SC-82-07155.jpg,Gladys Knight & the Pips,https://en.wikipedia.org/wiki/Gladys_Knight_%26_the_Pips,//upload.wikimedia.org/wikipedia/commons/thumb/f/f8/DN-SC-82-07155.jpg/75px-DN-SC-82-07155.jpg,"Left to right: William ""Red"" Guest, Edward Patten, Merald ""Bubba"" Knight, and Gladys Knight",1996,Gladys Knight & the Pips,/wiki/Gladys_Knight_%26_the_Pips,"William Guest, Gladys Knight, Merald ""Bubba"" Knight, and Edward Patten. [43]"
Mon Jan 01 00:00:00 GMT 1996,https://upload.wikimedia.org/wikipedia/en/thumb/f/f2/Jefferson_Airplane.jpg/75px-Jefferson_Airplane.jpg,Jefferson Airplane,https://en.wikipedia.org/wiki/Jefferson_Airplane,//upload.wikimedia.org/wikipedia/en/thumb/f/f2/Jefferson_Airplane.jpg/75px-Jefferson_Airplane.jpg,"Jefferson Airplane photographed  by Herb Greene at The Matrix club, San Francisco, in 1966. Top row from left: Jack Casady Grace Slick, Marty Balin; bottom row from left: Jorma Kaukonen, Paul Kantner, Spencer Dryden. A cropped version was used for the front cover of Surrealistic Pillow.",1996,Jefferson Airplane,/wiki/Jefferson_Airplane,"Marty Balin, Jack Casady, Spencer Dryden, Paul Kantner, Jorma Kaukonen, and Grace Slick. [44]"
Mon Jan 01 00:00:00 GMT 1996,,Little Willie John,https://en.wikipedia.org/wiki/Little_Willie_John,,,1996,Little Willie John,/wiki/Little_Willie_John,
Mon Jan 01 00:00:00 GMT 1996,,Pink Floyd,https://en.wikipedia.org/wiki/Pink_Floyd,,,1996,Pink Floyd,/wiki/Pink_Floyd,"Syd Barrett, David Gilmour, Nick Mason, Roger Waters, and Rick Wright. [45]"
Mon Jan 01 00:00:00 GMT 1996,https://upload.wikimedia.org/wikipedia/commons/thumb/6/65/The_Shirelles_1962.jpg/75px-The_Shirelles_1962.jpg,The Shirelles,https://en.wikipedia.org/wiki/The_Shirelles,//upload.wikimedia.org/wikipedia/commons/thumb/6/65/The_Shirelles_1962.jpg/75px-The_Shirelles_1962.jpg,The Shirelles 1962.jpg,1996,The Shirelles,/wiki/The_Shirelles,"Shirley Alston Reeves, Addie Harris, Doris Kenner-Jackson, and Beverly Lee. [46]"
Mon Jan 01 00:00:00 GMT 1996,,The Velvet Underground,https://en.wikipedia.org/wiki/The_Velvet_Underground,,,1996,The Velvet Underground,/wiki/The_Velvet_Underground,"John Cale, Sterling Morrison, Lou Reed, and Maureen Tucker. [47]"
Wed Jan 01 00:00:00 GMT 1997,https://upload.wikimedia.org/wikipedia/commons/thumb/9/9b/Bee_Gees_1977.JPG/75px-Bee_Gees_1977.JPG,Bee Gees,https://en.wikipedia.org/wiki/Bee_Gees,//upload.wikimedia.org/wikipedia/commons/thumb/9/9b/Bee_Gees_1977.JPG/75px-Bee_Gees_1977.JPG,"Bee Gees in 1978 (top to bottom) Barry, Robin, and Maurice Gibb",1997,Bee Gees,/wiki/Bee_Gees,"Barry Gibb, Maurice Gibb, and Robin Gibb. [48]"
Wed Jan 01 00:00:00 GMT 1997,,Buffalo Springfield,https://en.wikipedia.org/wiki/Buffalo_Springfield,,,1997,Buffalo Springfield,/wiki/Buffalo_Springfield,"Richie Furay, Dewey Martin, Bruce Palmer, Stephen Stills, and Neil Young. [49]"
Wed Jan 01 00:00:00 GMT 1997,https://upload.wikimedia.org/wikipedia/commons/thumb/f/fe/Csny-8-20-06.jpg/75px-Csny-8-20-06.jpg,"Crosby, Stills, Nash & Young","https://en.wikipedia.org/wiki/Crosby,_Stills,_Nash_%26_Young",//upload.wikimedia.org/wikipedia/commons/thumb/f/fe/Csny-8-20-06.jpg/75px-Csny-8-20-06.jpg,"left to right: Graham Nash, Stephen Stills, Neil Young (not inducted with the band) and David Crosby",1997,"Crosby, Stills & Nash","/wiki/Crosby,_Stills,_Nash_%26_Young","David Crosby, Graham Nash, and Stephen Stills. [50]"
Wed Jan 01 00:00:00 GMT 1997,https://upload.wikimedia.org/wikipedia/commons/thumb/8/8a/Jackson_5_tv_special_1972.JPG/75px-Jackson_5_tv_special_1972.JPG,The Jackson 5,https://en.wikipedia.org/wiki/The_Jackson_5,//upload.wikimedia.org/wikipedia/commons/thumb/8/8a/Jackson_5_tv_special_1972.JPG/75px-Jackson_5_tv_special_1972.JPG,Jackson 5 tv special 1972.JPG,1997,The Jackson 5,/wiki/The_Jackson_5,"Jackie Jackson, Jermaine Jackson, Marlon Jackson, Michael Jackson, and Tito Jackson. [51]"
Wed Jan 01 00:00:00 GMT 1997,https://upload.wikimedia.org/wikipedia/commons/thumb/0/04/Joni_mitchell_1974.jpg/75px-Joni_mitchell_1974.jpg,Joni Mitchell,https://en.wikipedia.org/wiki/Joni_Mitchell,//upload.wikimedia.org/wikipedia/commons/thumb/0/04/Joni_mitchell_1974.jpg/75px-Joni_mitchell_1974.jpg,Mitchell performing in concert at the Universal Amphitheatre in August 1974,1997,Joni Mitchell,/wiki/Joni_Mitchell,
Wed Jan 01 00:00:00 GMT 1997,https://upload.wikimedia.org/wikipedia/commons/thumb/3/36/George_Clinton_in_Centreville.jpg/75px-George_Clinton_in_Centreville.jpg,Parliament-Funkadelic,https://en.wikipedia.org/wiki/Parliament-Funkadelic,//upload.wikimedia.org/wikipedia/commons/thumb/3/36/George_Clinton_in_Centreville.jpg/75px-George_Clinton_in_Centreville.jpg,"American funk musician George Clinton and his band Parliament Funkadelic performing at the Capitol City Carnival in Centreville, Virginia.",1997,Parliament-Funkadelic,/wiki/Parliament-Funkadelic,"Jerome Brailey, George Clinton, Bootsy Collins, Raymond Davis, Tiki Fulwood, Glenn Goins, Michael Hampton, Fuzzy Haskins, Eddie Hazel, Walter Morrison, Cordell Mosson, William ""Billy Bass"" Nelson, Garry Shider, Calvin Simon, Grady Thomas, and Bernie Worrell. [52]"
Wed Jan 01 00:00:00 GMT 1997,https://upload.wikimedia.org/wikipedia/commons/thumb/a/a0/The_Rascals_1969.JPG/75px-The_Rascals_1969.JPG,The Rascals,https://en.wikipedia.org/wiki/The_Rascals,//upload.wikimedia.org/wikipedia/commons/thumb/a/a0/The_Rascals_1969.JPG/75px-The_Rascals_1969.JPG,The Rascals 1969.JPG,1997,The (Young) Rascals,/wiki/The_Rascals,"Eddie Brigati, Felix Cavaliere, Gene Cornish, and Dino Danelli. [53]"
Thu Jan 01 00:00:00 GMT 1998,https://upload.wikimedia.org/wikipedia/commons/thumb/0/00/Eagles.jpg/75px-Eagles.jpg,Eagles (band),https://en.wikipedia.org/wiki/Eagles_(band),//upload.wikimedia.org/wikipedia/commons/thumb/0/00/Eagles.jpg/75px-Eagles.jpg,Eagles.jpg,1998,Eagles,/wiki/Eagles_(band),"Don Felder, Glenn Frey, Don Henley, Bernie Leadon, Randy Meisner, Timothy B. Schmit, and Joe Walsh. [54]"
Thu Jan 01 00:00:00 GMT 1998,https://upload.wikimedia.org/wikipedia/commons/thumb/8/8b/Fleetwood_Mac_2009.jpg/75px-Fleetwood_Mac_2009.jpg,Fleetwood Mac,https://en.wikipedia.org/wiki/Fleetwood_Mac,//upload.wikimedia.org/wikipedia/commons/thumb/8/8b/Fleetwood_Mac_2009.jpg/75px-Fleetwood_Mac_2009.jpg,"Left to right: John McVie, Stevie Nicks, Lindsey Buckingham, Mick Fleetwood at Saint Paul, Minnesota on 3 March 2009",1998,Fleetwood Mac,/wiki/Fleetwood_Mac,"Lindsey Buckingham, Mick Fleetwood, Peter Green, Danny Kirwan, Christine McVie, John McVie, Stevie Nicks, and Jeremy Spencer. [55]"
Thu Jan 01 00:00:00 GMT 1998,https://upload.wikimedia.org/wikipedia/commons/thumb/8/8e/The_Mamas_and_the_Papas_Ed_Sullivan_Show_1968.JPG/75px-The_Mamas_and_the_Papas_Ed_Sullivan_Show_1968.JPG,The Mamas & the Papas,https://en.wikipedia.org/wiki/The_Mamas_%26_the_Papas,//upload.wikimedia.org/wikipedia/commons/thumb/8/8e/The_Mamas_and_the_Papas_Ed_Sullivan_Show_1968.JPG/75px-The_Mamas_and_the_Papas_Ed_Sullivan_Show_1968.JPG,The Mamas and the Papas Ed Sullivan Show 1968.JPG,1998,The Mamas & the Papas,/wiki/The_Mamas_%26_the_Papas,"Denny Doherty, Cass Elliot, John Phillips, and Michelle Phillips. [56]"
Thu Jan 01 00:00:00 GMT 1998,https://upload.wikimedia.org/wikipedia/commons/thumb/f/f3/LloydPrice1996.jpg/75px-LloydPrice1996.jpg,Lloyd Price,https://en.wikipedia.org/wiki/Lloyd_Price,//upload.wikimedia.org/wikipedia/commons/thumb/f/f3/LloydPrice1996.jpg/75px-LloydPrice1996.jpg,LloydPrice1996.jpg,1998,Lloyd Price,/wiki/Lloyd_Price,
Thu Jan 01 00:00:00 GMT 1998,https://upload.wikimedia.org/wikipedia/commons/thumb/4/49/Santana_%281971%29.png/75px-Santana_%281971%29.png,Santana (band),https://en.wikipedia.org/wiki/Santana_(band),//upload.wikimedia.org/wikipedia/commons/thumb/4/49/Santana_%281971%29.png/75px-Santana_%281971%29.png,Santana (1971).png,1998,Santana,/wiki/Santana_(band),"Jose Chepito Areas, David Brown, Mike Carabello, Gregg Rolie, Carlos Santana, and Michael Shrieve. [57]"
Thu Jan 01 00:00:00 GMT 1998,,Gene Vincent,https://en.wikipedia.org/wiki/Gene_Vincent,,,1998,Gene Vincent,/wiki/Gene_Vincent,
Fri Jan 01 00:00:00 GMT 1999,https://upload.wikimedia.org/wikipedia/commons/thumb/1/10/Billy_Joel_-_Perth_7_November_2006.jpg/75px-Billy_Joel_-_Perth_7_November_2006.jpg,Billy Joel,https://en.wikipedia.org/wiki/Billy_Joel,//upload.wikimedia.org/wikipedia/commons/thumb/1/10/Billy_Joel_-_Perth_7_November_2006.jpg/75px-Billy_Joel_-_Perth_7_November_2006.jpg,Billy Joel - Perth 7 November 2006.jpg,1999,Billy Joel,/wiki/Billy_Joel,
Fri Jan 01 00:00:00 GMT 1999,https://upload.wikimedia.org/wikipedia/commons/thumb/9/9f/Curtis_Mayfield.png/75px-Curtis_Mayfield.png,Curtis Mayfield,https://en.wikipedia.org/wiki/Curtis_Mayfield,//upload.wikimedia.org/wikipedia/commons/thumb/9/9f/Curtis_Mayfield.png/75px-Curtis_Mayfield.png,Curtis Mayfield.png,1999,Curtis Mayfield,/wiki/Curtis_Mayfield,
Fri Jan 01 00:00:00 GMT 1999,https://upload.wikimedia.org/wikipedia/commons/thumb/d/df/Paul_McCartney_black_and_white_2010.jpg/75px-Paul_McCartney_black_and_white_2010.jpg,Paul McCartney,https://en.wikipedia.org/wiki/Paul_McCartney,//upload.wikimedia.org/wikipedia/commons/thumb/d/df/Paul_McCartney_black_and_white_2010.jpg/75px-Paul_McCartney_black_and_white_2010.jpg,Paul McCartney black and white 2010.jpg,1999,Paul McCartney,/wiki/Paul_McCartney,
Fri Jan 01 00:00:00 GMT 1999,https://upload.wikimedia.org/wikipedia/commons/thumb/7/7b/Del_Shannon_1965.jpg/75px-Del_Shannon_1965.jpg,Del Shannon,https://en.wikipedia.org/wiki/Del_Shannon,//upload.wikimedia.org/wikipedia/commons/thumb/7/7b/Del_Shannon_1965.jpg/75px-Del_Shannon_1965.jpg,Del Shannon 1965.jpg,1999,Del Shannon,/wiki/Del_Shannon,
Fri Jan 01 00:00:00 GMT 1999,https://upload.wikimedia.org/wikipedia/commons/thumb/2/2d/Dusty_Springfield_%281966%29b.png/75px-Dusty_Springfield_%281966%29b.png,Dusty Springfield,https://en.wikipedia.org/wiki/Dusty_Springfield,//upload.wikimedia.org/wikipedia/commons/thumb/2/2d/Dusty_Springfield_%281966%29b.png/75px-Dusty_Springfield_%281966%29b.png,Dusty Springfield (1966)b.png,1999,Dusty Springfield,/wiki/Dusty_Springfield,
Fri Jan 01 00:00:00 GMT 1999,https://upload.wikimedia.org/wikipedia/commons/thumb/3/3b/Bruce_Springsteen_-_Roskilde_Festival_2012.jpg/75px-Bruce_Springsteen_-_Roskilde_Festival_2012.jpg,Bruce Springsteen,https://en.wikipedia.org/wiki/Bruce_Springsteen,//upload.wikimedia.org/wikipedia/commons/thumb/3/3b/Bruce_Springsteen_-_Roskilde_Festival_2012.jpg/75px-Bruce_Springsteen_-_Roskilde_Festival_2012.jpg,"Springsteen performing at the Roskilde Festival, Denmark, 2012",1999,Bruce Springsteen,/wiki/Bruce_Springsteen,
Fri Jan 01 00:00:00 GMT 1999,https://upload.wikimedia.org/wikipedia/commons/thumb/2/27/Staple_Singers_on_Soul_Train.jpg/75px-Staple_Singers_on_Soul_Train.jpg,The Staple Singers,https://en.wikipedia.org/wiki/The_Staple_Singers,//upload.wikimedia.org/wikipedia/commons/thumb/2/27/Staple_Singers_on_Soul_Train.jpg/75px-Staple_Singers_on_Soul_Train.jpg,Staple Singers on Soul Train.jpg,1999,The Staple Singers,/wiki/The_Staple_Singers,"Cleotha Staples, Mavis Staples, Pervis Staples, Pops Staples, and Yvonne Staples. [58]"
Sat Jan 01 00:00:00 GMT 2000,https://upload.wikimedia.org/wikipedia/commons/thumb/1/17/Eric_Clapton_2.jpg/75px-Eric_Clapton_2.jpg,Eric Clapton,https://en.wikipedia.org/wiki/Eric_Clapton,//upload.wikimedia.org/wikipedia/commons/thumb/1/17/Eric_Clapton_2.jpg/75px-Eric_Clapton_2.jpg,Eric Clapton 2.jpg,2000,Eric Clapton,/wiki/Eric_Clapton,
Sat Jan 01 00:00:00 GMT 2000,https://upload.wikimedia.org/wikipedia/commons/thumb/2/2c/Earth%2C_Wind_%26_Fire_%282%29.jpg/75px-Earth%2C_Wind_%26_Fire_%282%29.jpg,"Earth, Wind & Fire","https://en.wikipedia.org/wiki/Earth,_Wind_%26_Fire",//upload.wikimedia.org/wikipedia/commons/thumb/2/2c/Earth%2C_Wind_%26_Fire_%282%29.jpg/75px-Earth%2C_Wind_%26_Fire_%282%29.jpg,"Earth, Wind & Fire (2).jpg",2000,"Earth, Wind & Fire","/wiki/Earth,_Wind_%26_Fire","Philip Bailey, Larry Dunn, Johnny Graham, Ralph Johnson, Al McKay, Fred White, Maurice White, Verdine White, and Andrew Woolfolk. [59]"
Sat Jan 01 00:00:00 GMT 2000,https://upload.wikimedia.org/wikipedia/commons/thumb/b/b8/Lovin_Spoonful_1965.jpg/75px-Lovin_Spoonful_1965.jpg,The Lovin' Spoonful,https://en.wikipedia.org/wiki/The_Lovin%27_Spoonful,//upload.wikimedia.org/wikipedia/commons/thumb/b/b8/Lovin_Spoonful_1965.jpg/75px-Lovin_Spoonful_1965.jpg,Lovin Spoonful 1965.jpg,2000,The Lovin' Spoonful,/wiki/The_Lovin%27_Spoonful,"Steve Boone, Joe Butler, John Sebastian, and Zal Yanovsky. [59]"
Sat Jan 01 00:00:00 GMT 2000,https://upload.wikimedia.org/wikipedia/commons/thumb/1/1b/The_Moonglows_1956.jpg/75px-The_Moonglows_1956.jpg,The Moonglows,https://en.wikipedia.org/wiki/The_Moonglows,//upload.wikimedia.org/wikipedia/commons/thumb/1/1b/The_Moonglows_1956.jpg/75px-The_Moonglows_1956.jpg,The Moonglows 1956.jpg,2000,The Moonglows,/wiki/The_Moonglows,"Prentiss Barnes, Harvey Fuqua, Peter Graves, Billy Johnson, and Bobby Lester. [59]"
Sat Jan 01 00:00:00 GMT 2000,https://upload.wikimedia.org/wikipedia/commons/thumb/5/50/Bonnie_Raitt_at_John_Edwards_presidential_campaign.jpg/75px-Bonnie_Raitt_at_John_Edwards_presidential_campaign.jpg,Bonnie Raitt,https://en.wikipedia.org/wiki/Bonnie_Raitt,//upload.wikimedia.org/wikipedia/commons/thumb/5/50/Bonnie_Raitt_at_John_Edwards_presidential_campaign.jpg/75px-Bonnie_Raitt_at_John_Edwards_presidential_campaign.jpg,Bonnie Raitt performing at John Edwards presidential campaign in 2007,2000,Bonnie Raitt,/wiki/Bonnie_Raitt,
Sat Jan 01 00:00:00 GMT 2000,https://upload.wikimedia.org/wikipedia/en/thumb/c/cf/James_Taylor_-_Columbia.jpg/75px-James_Taylor_-_Columbia.jpg,James Taylor,https://en.wikipedia.org/wiki/James_Taylor,//upload.wikimedia.org/wikipedia/en/thumb/c/cf/James_Taylor_-_Columbia.jpg/75px-James_Taylor_-_Columbia.jpg,James Taylor - Columbia.jpg,2000,James Taylor,/wiki/James_Taylor,
Wed Jan 01 00:00:00 GMT 2020,https://upload.wikimedia.org/wikipedia/commons/thumb/7/7e/Aerosmith2007.jpg/75px-Aerosmith2007.jpg,Aerosmith,https://en.wikipedia.org/wiki/Aerosmith,//upload.wikimedia.org/wikipedia/commons/thumb/7/7e/Aerosmith2007.jpg/75px-Aerosmith2007.jpg,"Left to right: Tom Hamilton (bass), Steven Tyler (vocals, percussion), Joey Kramer (drums), Brad Whitford (guitar), and Joe Perry (guitar)",2001,Aerosmith,/wiki/Aerosmith,"Tom Hamilton, Joey Kramer, Joe Perry, Steven Tyler, and Brad Whitford. [60]"
Wed Jan 01 00:00:00 GMT 2020,https://upload.wikimedia.org/wikipedia/commons/thumb/7/7c/Solomon_Burke.jpg/75px-Solomon_Burke.jpg,Solomon Burke,https://en.wikipedia.org/wiki/Solomon_Burke,//upload.wikimedia.org/wikipedia/commons/thumb/7/7c/Solomon_Burke.jpg/75px-Solomon_Burke.jpg,"Solomon Burke performing on April 19, 2008",2001,Solomon Burke,/wiki/Solomon_Burke,
Wed Jan 01 00:00:00 GMT 2020,,The Flamingos,https://en.wikipedia.org/wiki/The_Flamingos,,,2001,The Flamingos,/wiki/The_Flamingos,"Jake Carey, Zeke Carey, Johnny Carter, Tommy Hunt, Terry ""Buzzy"" Johnson, Sollie McElroy, Nate Nelson, and Paul Wilson. [61]"
Wed Jan 01 00:00:00 GMT 2020,https://upload.wikimedia.org/wikipedia/commons/thumb/3/31/Michael_Jackson_in_1988.jpg/75px-Michael_Jackson_in_1988.jpg,Michael Jackson,https://en.wikipedia.org/wiki/Michael_Jackson,//upload.wikimedia.org/wikipedia/commons/thumb/3/31/Michael_Jackson_in_1988.jpg/75px-Michael_Jackson_in_1988.jpg,"Jackson performing in 1988, during the Bad World Tour.",2001,Michael Jackson,/wiki/Michael_Jackson,
Wed Jan 01 00:00:00 GMT 2020,https://upload.wikimedia.org/wikipedia/commons/thumb/4/4e/Queen_-_montagem.png/75px-Queen_-_montagem.png,Queen (band),https://en.wikipedia.org/wiki/Queen_(band),//upload.wikimedia.org/wikipedia/commons/thumb/4/4e/Queen_-_montagem.png/75px-Queen_-_montagem.png,"Top: Brian May, Freddie Mercury  Bottom: John Deacon, Roger Taylor",2001,Queen,/wiki/Queen_(band),"John Deacon, Brian May, Freddie Mercury, and Roger Taylor. [62]"
Wed Jan 01 00:00:00 GMT 2020,https://upload.wikimedia.org/wikipedia/commons/thumb/b/b6/Paul_Simon_at_the_9-30_Club_%28b%29.jpg/75px-Paul_Simon_at_the_9-30_Club_%28b%29.jpg,Paul Simon,https://en.wikipedia.org/wiki/Paul_Simon,//upload.wikimedia.org/wikipedia/commons/thumb/b/b6/Paul_Simon_at_the_9-30_Club_%28b%29.jpg/75px-Paul_Simon_at_the_9-30_Club_%28b%29.jpg,"Paul Simon performing at the 9:30 Club, May 27, 2011",2001,Paul Simon,/wiki/Paul_Simon,
Wed Jan 01 00:00:00 GMT 2020,https://upload.wikimedia.org/wikipedia/commons/thumb/1/14/Becker_%26_Fagen_of_Steely_Dan_at_Pori_Jazz_2007.jpg/75px-Becker_%26_Fagen_of_Steely_Dan_at_Pori_Jazz_2007.jpg,Steely Dan,https://en.wikipedia.org/wiki/Steely_Dan,//upload.wikimedia.org/wikipedia/commons/thumb/1/14/Becker_%26_Fagen_of_Steely_Dan_at_Pori_Jazz_2007.jpg/75px-Becker_%26_Fagen_of_Steely_Dan_at_Pori_Jazz_2007.jpg,Becker & Fagen of Steely Dan at Pori Jazz 2007.jpg,2001,Steely Dan,/wiki/Steely_Dan,Walter Becker and Donald Fagen. [63]
Wed Jan 01 00:00:00 GMT 2020,,Ritchie Valens,https://en.wikipedia.org/wiki/Ritchie_Valens,,,2001,Ritchie Valens,/wiki/Ritchie_Valens,
Sat Feb 01 00:00:00 GMT 2020,https://upload.wikimedia.org/wikipedia/commons/thumb/4/43/Isaac_Hayes_2.jpg/75px-Isaac_Hayes_2.jpg,Isaac Hayes,https://en.wikipedia.org/wiki/Isaac_Hayes,//upload.wikimedia.org/wikipedia/commons/thumb/4/43/Isaac_Hayes_2.jpg/75px-Isaac_Hayes_2.jpg,Isaac Hayes 2.jpg,2002,Isaac Hayes,/wiki/Isaac_Hayes,
Sat Feb 01 00:00:00 GMT 2020,https://upload.wikimedia.org/wikipedia/commons/thumb/9/9e/Brenda_Lee_1977.JPG/75px-Brenda_Lee_1977.JPG,Brenda Lee,https://en.wikipedia.org/wiki/Brenda_Lee,//upload.wikimedia.org/wikipedia/commons/thumb/9/9e/Brenda_Lee_1977.JPG/75px-Brenda_Lee_1977.JPG,Lee in 1977,2002,Brenda Lee,/wiki/Brenda_Lee,
Sat Feb 01 00:00:00 GMT 2020,https://upload.wikimedia.org/wikipedia/commons/thumb/6/6e/Vegoose_petty.jpg/75px-Vegoose_petty.jpg,Tom Petty and the Heartbreakers,https://en.wikipedia.org/wiki/Tom_Petty_and_the_Heartbreakers,//upload.wikimedia.org/wikipedia/commons/thumb/6/6e/Vegoose_petty.jpg/75px-Vegoose_petty.jpg,Tom Petty,2002,Tom Petty and the Heartbreakers,/wiki/Tom_Petty_and_the_Heartbreakers,"Tom Petty, Ron Blair, Mike Campbell, Howie Epstein, Stan Lynch, and Benmont Tench. [64]"
Sat Feb 01 00:00:00 GMT 2020,https://upload.wikimedia.org/wikipedia/commons/thumb/d/d8/Gene_Pitney_1967.JPG/75px-Gene_Pitney_1967.JPG,Gene Pitney,https://en.wikipedia.org/wiki/Gene_Pitney,//upload.wikimedia.org/wikipedia/commons/thumb/d/d8/Gene_Pitney_1967.JPG/75px-Gene_Pitney_1967.JPG,Gene Pitney 1967.JPG,2002,Gene Pitney,/wiki/Gene_Pitney,
Sat Feb 01 00:00:00 GMT 2020,https://upload.wikimedia.org/wikipedia/commons/thumb/1/14/Ramones_30081980_10_800.jpg/75px-Ramones_30081980_10_800.jpg,Ramones,https://en.wikipedia.org/wiki/Ramones,//upload.wikimedia.org/wikipedia/commons/thumb/1/14/Ramones_30081980_10_800.jpg/75px-Ramones_30081980_10_800.jpg,The Ramones in 1980,2002,Ramones,/wiki/Ramones,"Dee Dee Ramone, Joey Ramone, Johnny Ramone, Marky Ramone, and Tommy Ramone. [65]"
Sat Feb 01 00:00:00 GMT 2020,https://upload.wikimedia.org/wikipedia/commons/thumb/d/d8/Talking_Heads_band1.jpg/75px-Talking_Heads_band1.jpg,Talking Heads,https://en.wikipedia.org/wiki/Talking_Heads,//upload.wikimedia.org/wikipedia/commons/thumb/d/d8/Talking_Heads_band1.jpg/75px-Talking_Heads_band1.jpg,Talking Heads band1.jpg,2002,Talking Heads,/wiki/Talking_Heads,"David Byrne, Chris Frantz, Jerry Harrison, and Tina Weymouth. [66]"
Sun Mar 01 00:00:00 GMT 2020,https://upload.wikimedia.org/wikipedia/commons/thumb/9/9e/ACDC_In_Tacoma_2009.jpg/75px-ACDC_In_Tacoma_2009.jpg,AC/DC,https://en.wikipedia.org/wiki/AC/DC,//upload.wikimedia.org/wikipedia/commons/thumb/9/9e/ACDC_In_Tacoma_2009.jpg/75px-ACDC_In_Tacoma_2009.jpg,"AC/DC, from left to right: Brian Johnson, Malcolm Young, Phil Rudd, Angus Young, Cliff Williams, performing at the Tacoma Dome in Tacoma, Washington on 31 August 2009.",2003,AC/DC,/wiki/AC/DC,"Brian Johnson, Phil Rudd, Bon Scott, Cliff Williams, Angus Young, and Malcolm Young. [67]"
Sun Mar 01 00:00:00 GMT 2020,https://upload.wikimedia.org/wikipedia/commons/thumb/3/34/Clash_21051980_12_800.jpg/75px-Clash_21051980_12_800.jpg,The Clash,https://en.wikipedia.org/wiki/The_Clash,//upload.wikimedia.org/wikipedia/commons/thumb/3/34/Clash_21051980_12_800.jpg/75px-Clash_21051980_12_800.jpg,The Clash in 1980,2003,The Clash,/wiki/The_Clash,"Terry Chimes, Topper Headon, Mick Jones, Paul Simonon, and Joe Strummer. [68]"
Sun Mar 01 00:00:00 GMT 2020,https://upload.wikimedia.org/wikipedia/commons/thumb/1/19/Elvis_Costello_2012.JPG/75px-Elvis_Costello_2012.JPG,Elvis Costello,https://en.wikipedia.org/wiki/Elvis_Costello,//upload.wikimedia.org/wikipedia/commons/thumb/1/19/Elvis_Costello_2012.JPG/75px-Elvis_Costello_2012.JPG,Elvis Costello,2003,Elvis Costello & the Attractions,/wiki/Elvis_Costello,"Elvis Costello, Steve Nieve, Bruce Thomas, and Pete Thomas. [69]"
Sun Mar 01 00:00:00 GMT 2020,https://upload.wikimedia.org/wikipedia/commons/thumb/a/a2/ThePolice_2007.jpg/75px-ThePolice_2007.jpg,The Police,https://en.wikipedia.org/wiki/The_Police,//upload.wikimedia.org/wikipedia/commons/thumb/a/a2/ThePolice_2007.jpg/75px-ThePolice_2007.jpg,"The Police in 2007, left to right: Stewart Copeland, Sting, Andy Summers",2003,The Police,/wiki/The_Police,"Stewart Copeland, Sting, and Andy Summers. [70]"
Sun Mar 01 00:00:00 GMT 2020,https://upload.wikimedia.org/wikipedia/commons/thumb/0/0c/TheRighteousBrothersperformingKBF.jpg/75px-TheRighteousBrothersperformingKBF.jpg,The Righteous Brothers,https://en.wikipedia.org/wiki/The_Righteous_Brothers,//upload.wikimedia.org/wikipedia/commons/thumb/0/0c/TheRighteousBrothersperformingKBF.jpg/75px-TheRighteousBrothersperformingKBF.jpg,TheRighteousBrothersperformingKBF.jpg,2003,The Righteous Brothers,/wiki/The_Righteous_Brothers,Bobby Hatfield and Bill Medley. [71]
Wed Apr 01 00:00:00 GMT 2020,,Jackson Browne,https://en.wikipedia.org/wiki/Jackson_Browne,,,2004,Jackson Browne,/wiki/Jackson_Browne,
Wed Apr 01 00:00:00 GMT 2020,https://upload.wikimedia.org/wikipedia/commons/thumb/1/1c/The_Dells.png/75px-The_Dells.png,The Dells,https://en.wikipedia.org/wiki/The_Dells,//upload.wikimedia.org/wikipedia/commons/thumb/1/1c/The_Dells.png/75px-The_Dells.png,The Dells.png,2004,The Dells,/wiki/The_Dells,"Verne Allison, Chuck Barksdale, Johnny Carter, Johnny Funches, Marvin Junior, and Michael McGill. [72]"
Wed Apr 01 00:00:00 GMT 2020,https://upload.wikimedia.org/wikipedia/commons/thumb/0/05/George_Harrison_1974_edited.jpg/75px-George_Harrison_1974_edited.jpg,George Harrison,https://en.wikipedia.org/wiki/George_Harrison,//upload.wikimedia.org/wikipedia/commons/thumb/0/05/George_Harrison_1974_edited.jpg/75px-George_Harrison_1974_edited.jpg,George Harrison 1974 edited.jpg,2004,George Harrison,/wiki/George_Harrison,
Wed Apr 01 00:00:00 GMT 2020,https://upload.wikimedia.org/wikipedia/commons/thumb/2/2f/Prince_Brussels_1986.jpg/75px-Prince_Brussels_1986.jpg,Prince (musician),https://en.wikipedia.org/wiki/Prince_(musician),//upload.wikimedia.org/wikipedia/commons/thumb/2/2f/Prince_Brussels_1986.jpg/75px-Prince_Brussels_1986.jpg,Prince performing in Brussels during the Hit N Run Tour in 1986,2004,Prince,/wiki/Prince_(musician),
Wed Apr 01 00:00:00 GMT 2020,https://upload.wikimedia.org/wikipedia/commons/thumb/a/a6/Bob_Seger_1977.JPG/75px-Bob_Seger_1977.JPG,Bob Seger,https://en.wikipedia.org/wiki/Bob_Seger,//upload.wikimedia.org/wikipedia/commons/thumb/a/a6/Bob_Seger_1977.JPG/75px-Bob_Seger_1977.JPG,Bob Seger 1977.JPG,2004,Bob Seger,/wiki/Bob_Seger,
Wed Apr 01 00:00:00 GMT 2020,https://upload.wikimedia.org/wikipedia/commons/thumb/7/7a/Traffic_1973.jpg/75px-Traffic_1973.jpg,Traffic (band),https://en.wikipedia.org/wiki/Traffic_(band),//upload.wikimedia.org/wikipedia/commons/thumb/7/7a/Traffic_1973.jpg/75px-Traffic_1973.jpg,Traffic 1973.jpg,2004,Traffic,/wiki/Traffic_(band),"Jim Capaldi, Dave Mason, Steve Winwood, and Chris Wood. [73]"
Wed Apr 01 00:00:00 GMT 2020,https://upload.wikimedia.org/wikipedia/commons/thumb/0/03/ZZ_Top_Live.jpg/75px-ZZ_Top_Live.jpg,ZZ Top,https://en.wikipedia.org/wiki/ZZ_Top,//upload.wikimedia.org/wikipedia/commons/thumb/0/03/ZZ_Top_Live.jpg/75px-ZZ_Top_Live.jpg,"ZZ Top performing at St. Augustine Amphitheatre in Florida on May 22, 2008, from left to right: Dusty Hill, Frank Beard (drumming), and Billy Gibbons",2004,ZZ Top,/wiki/ZZ_Top,"Frank Beard, Billy Gibbons, and Dusty Hill. [74]"
Fri May 01 00:00:00 GMT 2020,https://upload.wikimedia.org/wikipedia/commons/thumb/2/20/Buddy_9960.jpg/75px-Buddy_9960.jpg,Buddy Guy,https://en.wikipedia.org/wiki/Buddy_Guy,//upload.wikimedia.org/wikipedia/commons/thumb/2/20/Buddy_9960.jpg/75px-Buddy_9960.jpg,"Buddy Guy performing and interacting with the crowd in Albany, Indiana, August 20, 2011",2005,Buddy Guy,/wiki/Buddy_Guy,
Fri May 01 00:00:00 GMT 2020,https://upload.wikimedia.org/wikipedia/commons/thumb/4/40/The_O%27Jays-photo-by-raymond-boyd.jpg/75px-The_O%27Jays-photo-by-raymond-boyd.jpg,The O'Jays,https://en.wikipedia.org/wiki/The_O%27Jays,//upload.wikimedia.org/wikipedia/commons/thumb/4/40/The_O%27Jays-photo-by-raymond-boyd.jpg/75px-The_O%27Jays-photo-by-raymond-boyd.jpg,The O'Jays-photo-by-raymond-boyd.jpg,2005,The O'Jays,/wiki/The_O%27Jays,"Eddie Levert, Bobby Massey, William Powell, Sammy Strain, and Walter Williams. [75]"
Fri May 01 00:00:00 GMT 2020,https://upload.wikimedia.org/wikipedia/commons/thumb/0/03/Pretenders_Dec_81.JPG/75px-Pretenders_Dec_81.JPG,Pretenders (band),https://en.wikipedia.org/wiki/Pretenders_(band),//upload.wikimedia.org/wikipedia/commons/thumb/0/03/Pretenders_Dec_81.JPG/75px-Pretenders_Dec_81.JPG,"The Pretenders, Dominion Theatre, London, December 1981",2005,Pretenders,/wiki/Pretenders_(band),"Martin Chambers, Pete Farndon, James Honeyman-Scott, and Chrissie Hynde. [76]"
Fri May 01 00:00:00 GMT 2020,https://upload.wikimedia.org/wikipedia/commons/thumb/c/c1/Percy_Sledge_at_the_Alabama_Music_Hall_of_Fame_Concert.jpg/75px-Percy_Sledge_at_the_Alabama_Music_Hall_of_Fame_Concert.jpg,Percy Sledge,https://en.wikipedia.org/wiki/Percy_Sledge,//upload.wikimedia.org/wikipedia/commons/thumb/c/c1/Percy_Sledge_at_the_Alabama_Music_Hall_of_Fame_Concert.jpg/75px-Percy_Sledge_at_the_Alabama_Music_Hall_of_Fame_Concert.jpg,Sledge at the 2010 Alabama Music Hall of Fame Concert,2005,Percy Sledge,/wiki/Percy_Sledge,
Fri May 01 00:00:00 GMT 2020,https://upload.wikimedia.org/wikipedia/commons/thumb/6/6d/U2_Gelsenkirchen_August_3rd_2009.png/75px-U2_Gelsenkirchen_August_3rd_2009.png,U2,https://en.wikipedia.org/wiki/U2,//upload.wikimedia.org/wikipedia/commons/thumb/6/6d/U2_Gelsenkirchen_August_3rd_2009.png/75px-U2_Gelsenkirchen_August_3rd_2009.png,U2 Gelsenkirchen August 3rd 2009.png,2005,U2,/wiki/U2,"Bono, Adam Clayton, The Edge, and Larry Mullen, Jr.. [77]"
Mon Jun 01 00:00:00 GMT 2020,https://upload.wikimedia.org/wikipedia/commons/thumb/4/42/Sabs.jpg/75px-Sabs.jpg,Black Sabbath,https://en.wikipedia.org/wiki/Black_Sabbath,//upload.wikimedia.org/wikipedia/commons/thumb/4/42/Sabs.jpg/75px-Sabs.jpg,"Left to right: Geezer Butler, Tony Iommi, Bill Ward, Ozzy Osbourne",2006,Black Sabbath,/wiki/Black_Sabbath,"Geezer Butler, Tony Iommi, Ozzy Osbourne, and Bill Ward. [78]"
Mon Jun 01 00:00:00 GMT 2020,https://upload.wikimedia.org/wikipedia/commons/thumb/f/fc/Blondie1977.jpg/75px-Blondie1977.jpg,Blondie (band),https://en.wikipedia.org/wiki/Blondie_(band),//upload.wikimedia.org/wikipedia/commons/thumb/f/fc/Blondie1977.jpg/75px-Blondie1977.jpg,"Blondie in 1977. L-R: Gary Valentine, Clem Burke, Debbie Harry, Chris Stein, and Jimmy Destri",2006,Blondie,/wiki/Blondie_(band),"Clem Burke, Jimmy Destri, Nigel Harrison, Debbie Harry, Frank Infante, Chris Stein, and Gary Valentine. [79]"
Mon Jun 01 00:00:00 GMT 2020,https://upload.wikimedia.org/wikipedia/commons/thumb/f/fa/Miles_Davis_by_Palumbo.jpg/75px-Miles_Davis_by_Palumbo.jpg,Miles Davis,https://en.wikipedia.org/wiki/Miles_Davis,//upload.wikimedia.org/wikipedia/commons/thumb/f/fa/Miles_Davis_by_Palumbo.jpg/75px-Miles_Davis_by_Palumbo.jpg,Miles Davis by Palumbo.jpg,2006,Miles Davis,/wiki/Miles_Davis,
Mon Jun 01 00:00:00 GMT 2020,https://upload.wikimedia.org/wikipedia/commons/thumb/9/9c/Lynyrd_Skynyrd_%281977%29.jpg/75px-Lynyrd_Skynyrd_%281977%29.jpg,Lynyrd Skynyrd,https://en.wikipedia.org/wiki/Lynyrd_Skynyrd,//upload.wikimedia.org/wikipedia/commons/thumb/9/9c/Lynyrd_Skynyrd_%281977%29.jpg/75px-Lynyrd_Skynyrd_%281977%29.jpg,Lynyrd Skynyrd (1977).jpg,2006,Lynyrd Skynyrd,/wiki/Lynyrd_Skynyrd,"Bob Burns, Allen Collins, Steve Gaines, Ed King, Billy Powell, Artimus Pyle, Gary Rossington, Ronnie Van Zant, and Leon Wilkeson. [80]"
Mon Jun 01 00:00:00 GMT 2020,https://upload.wikimedia.org/wikipedia/commons/thumb/1/1e/Sex_Pistols_in_Paradiso.jpg/75px-Sex_Pistols_in_Paradiso.jpg,Sex Pistols,https://en.wikipedia.org/wiki/Sex_Pistols,//upload.wikimedia.org/wikipedia/commons/thumb/1/1e/Sex_Pistols_in_Paradiso.jpg/75px-Sex_Pistols_in_Paradiso.jpg,"The Sex Pistols in Amsterdam in 1977 (L–R: Paul Cook, Glen Matlock, Johnny Rotten and Steve Jones)",2006,Sex Pistols,/wiki/Sex_Pistols,"Paul Cook, Steve Jones, Glen Matlock, John Lydon, and Sid Vicious. [81]"
Wed Jul 01 00:00:00 GMT 2020,,Grandmaster Flash and The Furious Five,https://en.wikipedia.org/wiki/Grandmaster_Flash_and_The_Furious_Five,,,2007,Grandmaster Flash and The Furious Five,/wiki/Grandmaster_Flash_and_The_Furious_Five,"Melvin ""Melle Mel"" Glover, Nathaniel ""The Kidd Creole"" Glover, Eddie ""Scorpio"" Morris, Joseph ""Grandmaster Flash"" Sadler, Robert ""Cowboy"" Wiggins and Guy ""Rahiem"" Williams. [82]"
Wed Jul 01 00:00:00 GMT 2020,https://upload.wikimedia.org/wikipedia/commons/thumb/a/a4/Padova_REM_concert_July_22_2003_blue.jpg/75px-Padova_REM_concert_July_22_2003_blue.jpg,R.E.M.,https://en.wikipedia.org/wiki/R.E.M.,//upload.wikimedia.org/wikipedia/commons/thumb/a/a4/Padova_REM_concert_July_22_2003_blue.jpg/75px-Padova_REM_concert_July_22_2003_blue.jpg,"Left to right: Mike Mills, Michael Stipe, touring drummer Bill Rieflin (not inducted with the band), and Peter Buck.",2007,R.E.M.,/wiki/R.E.M.,"Bill Berry, Peter Buck, Mike Mills, and Michael Stipe. [83]"
Wed Jul 01 00:00:00 GMT 2020,https://upload.wikimedia.org/wikipedia/commons/thumb/0/04/The_Ronettes.JPG/75px-The_Ronettes.JPG,The Ronettes,https://en.wikipedia.org/wiki/The_Ronettes,//upload.wikimedia.org/wikipedia/commons/thumb/0/04/The_Ronettes.JPG/75px-The_Ronettes.JPG,The Ronettes.JPG,2007,The Ronettes,/wiki/The_Ronettes,"Estelle Bennett, Ronnie Spector, and Nedra Talley. [84]"
Wed Jul 01 00:00:00 GMT 2020,https://upload.wikimedia.org/wikipedia/commons/thumb/4/43/Patti_Smith_%28Haldern_Pop_Festival_2014%29_IMGP4121_smial_wp.jpg/75px-Patti_Smith_%28Haldern_Pop_Festival_2014%29_IMGP4121_smial_wp.jpg,Patti Smith,https://en.wikipedia.org/wiki/Patti_Smith,//upload.wikimedia.org/wikipedia/commons/thumb/4/43/Patti_Smith_%28Haldern_Pop_Festival_2014%29_IMGP4121_smial_wp.jpg/75px-Patti_Smith_%28Haldern_Pop_Festival_2014%29_IMGP4121_smial_wp.jpg,Patti Smith performing at Haldern Pop 2014,2007,Patti Smith,/wiki/Patti_Smith,
Wed Jul 01 00:00:00 GMT 2020,https://upload.wikimedia.org/wikipedia/commons/thumb/b/ba/VAN_HALEN_2008.jpg/75px-VAN_HALEN_2008.jpg,Van Halen,https://en.wikipedia.org/wiki/Van_Halen,//upload.wikimedia.org/wikipedia/commons/thumb/b/ba/VAN_HALEN_2008.jpg/75px-VAN_HALEN_2008.jpg,"Van Halen on stage, 2008 - left to right: David Lee Roth, Eddie Van Halen, Alex Van Halen and Wolfgang Van Halen",2007,Van Halen,/wiki/Van_Halen,"Michael Anthony, Sammy Hagar, David Lee Roth, Alex Van Halen, and Eddie Van Halen. [85]"
Sat Aug 01 00:00:00 GMT 2020,https://upload.wikimedia.org/wikipedia/commons/thumb/f/f1/Dave_Clark_Five_1964.JPG/75px-Dave_Clark_Five_1964.JPG,The Dave Clark Five,https://en.wikipedia.org/wiki/The_Dave_Clark_Five,//upload.wikimedia.org/wikipedia/commons/thumb/f/f1/Dave_Clark_Five_1964.JPG/75px-Dave_Clark_Five_1964.JPG,"Get Yourself a College Girl appearance, 1964 - From left: Mike Smith, Lenny Davidson, Denis Payton, Rick Huxley, and Dave Clark.",2008,The Dave Clark Five,/wiki/The_Dave_Clark_Five,"Dave Clark, Lenny Davidson, Rick Huxley, Denis Payton, and Mike Smith. [86]"
Sat Aug 01 00:00:00 GMT 2020,https://upload.wikimedia.org/wikipedia/commons/thumb/7/71/Leonard_Cohen_2187-edited.jpg/75px-Leonard_Cohen_2187-edited.jpg,Leonard Cohen,https://en.wikipedia.org/wiki/Leonard_Cohen,//upload.wikimedia.org/wikipedia/commons/thumb/7/71/Leonard_Cohen_2187-edited.jpg/75px-Leonard_Cohen_2187-edited.jpg,Cohen in 2008,2008,Leonard Cohen,/wiki/Leonard_Cohen,
Sat Aug 01 00:00:00 GMT 2020,https://upload.wikimedia.org/wikipedia/commons/thumb/4/4a/Madonna%2C_Rotterdam%2C_26-8-1987.jpg/75px-Madonna%2C_Rotterdam%2C_26-8-1987.jpg,Madonna (entertainer),https://en.wikipedia.org/wiki/Madonna_(entertainer),//upload.wikimedia.org/wikipedia/commons/thumb/4/4a/Madonna%2C_Rotterdam%2C_26-8-1987.jpg/75px-Madonna%2C_Rotterdam%2C_26-8-1987.jpg,"Madonna performing during the Who's That Girl World Tour, 1987",2008,Madonna,/wiki/Madonna_(entertainer),
Sat Aug 01 00:00:00 GMT 2020,https://upload.wikimedia.org/wikipedia/commons/thumb/c/cb/JohnMellencamp01a.jpg/75px-JohnMellencamp01a.jpg,John Mellencamp,https://en.wikipedia.org/wiki/John_Mellencamp,//upload.wikimedia.org/wikipedia/commons/thumb/c/cb/JohnMellencamp01a.jpg/75px-JohnMellencamp01a.jpg,Mellencamp in 2007,2008,John Mellencamp,/wiki/John_Mellencamp,
Sat Aug 01 00:00:00 GMT 2020,,The Ventures,https://en.wikipedia.org/wiki/The_Ventures,,,2008,The Ventures,/wiki/The_Ventures,"Bob Bogle, Nokie Edwards, Gerry McGee, Mel Taylor, and Don Wilson. [87]"
Tue Sep 01 00:00:00 GMT 2020,https://upload.wikimedia.org/wikipedia/commons/thumb/3/31/Early_Jeff_Beck.jpg/75px-Early_Jeff_Beck.jpg,Jeff Beck,https://en.wikipedia.org/wiki/Jeff_Beck,//upload.wikimedia.org/wikipedia/commons/thumb/3/31/Early_Jeff_Beck.jpg/75px-Early_Jeff_Beck.jpg,Beck playing in 1973,2009,Jeff Beck,/wiki/Jeff_Beck,
Tue Sep 01 00:00:00 GMT 2020,https://upload.wikimedia.org/wikipedia/commons/thumb/3/3b/Imperials.jpg/75px-Imperials.jpg,Little Anthony and the Imperials,https://en.wikipedia.org/wiki/Little_Anthony_and_the_Imperials,//upload.wikimedia.org/wikipedia/commons/thumb/3/3b/Imperials.jpg/75px-Imperials.jpg,Imperials.jpg,2009,Little Anthony and the Imperials,/wiki/Little_Anthony_and_the_Imperials,"Clarence Collins, Anthony Gourdine, Tracy Lord, Glouster ""Nat"" Rogers, Sammy Strain, and Ernest Wright Jr. [88]"
Tue Sep 01 00:00:00 GMT 2020,https://upload.wikimedia.org/wikipedia/commons/thumb/0/07/Metallica_at_The_O2_Arena_London_2008.jpg/75px-Metallica_at_The_O2_Arena_London_2008.jpg,Metallica,https://en.wikipedia.org/wiki/Metallica,//upload.wikimedia.org/wikipedia/commons/thumb/0/07/Metallica_at_The_O2_Arena_London_2008.jpg/75px-Metallica_at_The_O2_Arena_London_2008.jpg,"Left to right: Kirk Hammett, Lars Ulrich, James Hetfield, Robert Trujillo",2009,Metallica,/wiki/Metallica,"Cliff Burton, Kirk Hammett, James Hetfield, Jason Newsted, Robert Trujillo, and Lars Ulrich. [89]"
Tue Sep 01 00:00:00 GMT 2020,,Run–D.M.C.,https://en.wikipedia.org/wiki/Run%E2%80%93D.M.C.,,,2009,Run–D.M.C.,/wiki/Run%E2%80%93D.M.C.,"Darryl ""D.M.C."" McDaniels, Jason ""Jam-Master Jay"" Mizell, and Joseph ""DJ Run"" Simmons. [90]"
Tue Sep 01 00:00:00 GMT 2020,https://upload.wikimedia.org/wikipedia/commons/thumb/8/82/Bobby_Womack_-_Roskilde_Festival_2010.jpg/75px-Bobby_Womack_-_Roskilde_Festival_2010.jpg,Bobby Womack,https://en.wikipedia.org/wiki/Bobby_Womack,//upload.wikimedia.org/wikipedia/commons/thumb/8/82/Bobby_Womack_-_Roskilde_Festival_2010.jpg/75px-Bobby_Womack_-_Roskilde_Festival_2010.jpg,"Womack performing at Roskilde Festival, Denmark, 2010",2009,Bobby Womack,/wiki/Bobby_Womack,
Thu Oct 01 00:00:00 GMT 2020,https://upload.wikimedia.org/wikipedia/commons/thumb/c/cb/ABBA_-_TopPop_1974_5.png/75px-ABBA_-_TopPop_1974_5.png,ABBA,https://en.wikipedia.org/wiki/ABBA,//upload.wikimedia.org/wikipedia/commons/thumb/c/cb/ABBA_-_TopPop_1974_5.png/75px-ABBA_-_TopPop_1974_5.png,"ABBA in 1974, from left to right: Benny Andersson, Anni-Frid Lyngstad (Frida), Agnetha Fältskog, and Björn Ulvaeus",2010,ABBA,/wiki/ABBA,"Benny Andersson, Agnetha Fältskog, Anni-Frid Lyngstad, and Björn Ulvaeus. [91]"
Thu Oct 01 00:00:00 GMT 2020,https://upload.wikimedia.org/wikipedia/commons/thumb/e/e4/2180_-_Pittsburgh_-_Mellon_Arena_-_Genesis_-_The_Carpet_Crawlers.JPG/75px-2180_-_Pittsburgh_-_Mellon_Arena_-_Genesis_-_The_Carpet_Crawlers.JPG,Genesis (band),https://en.wikipedia.org/wiki/Genesis_(band),//upload.wikimedia.org/wikipedia/commons/thumb/e/e4/2180_-_Pittsburgh_-_Mellon_Arena_-_Genesis_-_The_Carpet_Crawlers.JPG/75px-2180_-_Pittsburgh_-_Mellon_Arena_-_Genesis_-_The_Carpet_Crawlers.JPG,"Genesis performing in 2007 - left to right: Daryl Stuermer, Mike Rutherford, Tony Banks, Phil Collins",2010,Genesis,/wiki/Genesis_(band),"Tony Banks, Phil Collins, Peter Gabriel, Steve Hackett, and Mike Rutherford. [92]"
Thu Oct 01 00:00:00 GMT 2020,https://upload.wikimedia.org/wikipedia/commons/thumb/1/1d/JimmyCliff.jpg/75px-JimmyCliff.jpg,Jimmy Cliff,https://en.wikipedia.org/wiki/Jimmy_Cliff,//upload.wikimedia.org/wikipedia/commons/thumb/1/1d/JimmyCliff.jpg/75px-JimmyCliff.jpg,Cliff performing live,2010,Jimmy Cliff,/wiki/Jimmy_Cliff,
Thu Oct 01 00:00:00 GMT 2020,https://upload.wikimedia.org/wikipedia/commons/thumb/f/f5/The_Hollies_%281965%29.png/75px-The_Hollies_%281965%29.png,The Hollies,https://en.wikipedia.org/wiki/The_Hollies,//upload.wikimedia.org/wikipedia/commons/thumb/f/f5/The_Hollies_%281965%29.png/75px-The_Hollies_%281965%29.png,The Hollies (1965).png,2010,The Hollies,/wiki/The_Hollies,"Bernie Calvert, Allan Clarke, Bobby Elliott, Eric Haydock, Tony Hicks, Graham Nash, and Terry Sylvester. [93]"
Thu Oct 01 00:00:00 GMT 2020,https://upload.wikimedia.org/wikipedia/commons/thumb/0/0f/The_Stooges_%26_Iggy_Pop%2C_Poland%2C_Katowice_Off_Festval_2012-08-04.JPG/75px-The_Stooges_%26_Iggy_Pop%2C_Poland%2C_Katowice_Off_Festval_2012-08-04.JPG,The Stooges,https://en.wikipedia.org/wiki/The_Stooges,//upload.wikimedia.org/wikipedia/commons/thumb/0/0f/The_Stooges_%26_Iggy_Pop%2C_Poland%2C_Katowice_Off_Festval_2012-08-04.JPG/75px-The_Stooges_%26_Iggy_Pop%2C_Poland%2C_Katowice_Off_Festval_2012-08-04.JPG,"Iggy Pop and the Stooges performing at Katowice Off Festval, Poland, on August 4, 2012",2010,The Stooges,/wiki/The_Stooges,"Dave Alexander, Ron Asheton, Scott Asheton, Iggy Pop, and James Williamson. [94]"
Sun Nov 01 00:00:00 GMT 2020,https://upload.wikimedia.org/wikipedia/commons/thumb/f/f7/Alice_Cooper_Live_in_London_2012-10-28.jpg/75px-Alice_Cooper_Live_in_London_2012-10-28.jpg,Alice Cooper (band),https://en.wikipedia.org/wiki/Alice_Cooper_(band),//upload.wikimedia.org/wikipedia/commons/thumb/f/f7/Alice_Cooper_Live_in_London_2012-10-28.jpg/75px-Alice_Cooper_Live_in_London_2012-10-28.jpg,Lead singer Alice Cooper performing live during Halloween Night of Horror at London Wembley Arena on 28 October 2012,2011,Alice Cooper,/wiki/Alice_Cooper_(band),"Alice Cooper, Michael Bruce, Glen Buxton, Dennis Dunaway, and Neal Smith. [95]"
Sun Nov 01 00:00:00 GMT 2020,https://upload.wikimedia.org/wikipedia/commons/thumb/c/cc/1afin-2795f.jpg/75px-1afin-2795f.jpg,Neil Diamond,https://en.wikipedia.org/wiki/Neil_Diamond,//upload.wikimedia.org/wikipedia/commons/thumb/c/cc/1afin-2795f.jpg/75px-1afin-2795f.jpg,Diamond performing in 2015,2011,Neil Diamond,/wiki/Neil_Diamond,
Sun Nov 01 00:00:00 GMT 2020,https://upload.wikimedia.org/wikipedia/commons/thumb/7/72/20060714_Dr._John_in_Vienne%2C_France.jpg/75px-20060714_Dr._John_in_Vienne%2C_France.jpg,Dr. John,https://en.wikipedia.org/wiki/Dr._John,//upload.wikimedia.org/wikipedia/commons/thumb/7/72/20060714_Dr._John_in_Vienne%2C_France.jpg/75px-20060714_Dr._John_in_Vienne%2C_France.jpg,"Dr. John performing at the Jazz à Vienne Festival, in France, 2006",2011,Dr. John,/wiki/Dr._John,
Sun Nov 01 00:00:00 GMT 2020,https://upload.wikimedia.org/wikipedia/commons/thumb/d/d0/DarleneLove01.JPG/75px-DarleneLove01.JPG,Darlene Love,https://en.wikipedia.org/wiki/Darlene_Love,//upload.wikimedia.org/wikipedia/commons/thumb/d/d0/DarleneLove01.JPG/75px-DarleneLove01.JPG,"Love performing atBarnes & Noble Tribeca, June 17, 2013",2011,Darlene Love,/wiki/Darlene_Love,
Sun Nov 01 00:00:00 GMT 2020,https://upload.wikimedia.org/wikipedia/commons/thumb/2/21/Tom_Waits_3.jpg/75px-Tom_Waits_3.jpg,Tom Waits,https://en.wikipedia.org/wiki/Tom_Waits,//upload.wikimedia.org/wikipedia/commons/thumb/2/21/Tom_Waits_3.jpg/75px-Tom_Waits_3.jpg,"Waits during an interview in Buenos Aires, Argentina, April 2007",2011,Tom Waits,/wiki/Tom_Waits,
Tue Dec 01 00:00:00 GMT 2020,https://upload.wikimedia.org/wikipedia/commons/thumb/d/de/Beastie-boys.jpg/75px-Beastie-boys.jpg,Beastie Boys,https://en.wikipedia.org/wiki/Beastie_Boys,//upload.wikimedia.org/wikipedia/commons/thumb/d/de/Beastie-boys.jpg/75px-Beastie-boys.jpg,Beastie-boys.jpg,2012,Beastie Boys,/wiki/Beastie_Boys,"Michael ""Mike D"" Diamond, Adam ""Ad-Rock"" Horovitz, and Adam ""MCA"" Yauch. [96]"
Tue Dec 01 00:00:00 GMT 2020,,Gene Vincent; ,https://en.wikipedia.org/wiki/Gene_Vincent; https://en.wikipedia.org/wiki/List_of_Rock_and_Roll_Hall_of_Fame_inductees#endnote_N1,,,2012,The Blue Caps; [N1],/wiki/Gene_Vincent; #endnote_N1,"Backing band for Gene Vincent. Inducted: Tommy Facenda, Cliff Gallup, Dickie Harrell, Bobby Jones, Johnny Meeks, Jack Neal, Paul Peek, and Willie Williams. [97]"
Tue Dec 01 00:00:00 GMT 2020,https://upload.wikimedia.org/wikipedia/commons/thumb/0/0e/BillHaley.JPG/75px-BillHaley.JPG,Bill Haley & His Comets; ,https://en.wikipedia.org/wiki/Bill_Haley_%26_His_Comets; https://en.wikipedia.org/wiki/List_of_Rock_and_Roll_Hall_of_Fame_inductees#endnote_N1,//upload.wikimedia.org/wikipedia/commons/thumb/0/0e/BillHaley.JPG/75px-BillHaley.JPG,BillHaley.JPG,2012,The Comets; [N1],/wiki/Bill_Haley_%26_His_Comets; #endnote_N1,"Backing band for Bill Haley. Inducted: Joey Ambrose, Franny Beecher, Danny Cedrone, Johnny Grande, Ralph Jones, Marshall Lytle, Rudy Pompilli, Al Rex, Dick Richards, and Billy Williamson. [98]"
Tue Dec 01 00:00:00 GMT 2020,https://upload.wikimedia.org/wikipedia/commons/thumb/d/d5/Buddy_Holly_and_The_Crickets_1957.JPG/75px-Buddy_Holly_and_The_Crickets_1957.JPG,The Crickets; ,https://en.wikipedia.org/wiki/The_Crickets; https://en.wikipedia.org/wiki/List_of_Rock_and_Roll_Hall_of_Fame_inductees#endnote_N1,//upload.wikimedia.org/wikipedia/commons/thumb/d/d5/Buddy_Holly_and_The_Crickets_1957.JPG/75px-Buddy_Holly_and_The_Crickets_1957.JPG,Buddy Holly and The Crickets 1957.JPG,2012,The Crickets; [N1],/wiki/The_Crickets; #endnote_N1,"Backing band for Buddy Holly. Inducted: Jerry Allison, Sonny Curtis, Joe B. Mauldin, and Niki Sullivan. [99]"
Tue Dec 01 00:00:00 GMT 2020,https://upload.wikimedia.org/wikipedia/commons/thumb/6/68/Donovan_Washington_2007.jpg/75px-Donovan_Washington_2007.jpg,Donovan,https://en.wikipedia.org/wiki/Donovan,//upload.wikimedia.org/wikipedia/commons/thumb/6/68/Donovan_Washington_2007.jpg/75px-Donovan_Washington_2007.jpg,"Donovan performing in Washington, D.C., 2007",2012,Donovan,/wiki/Donovan,
Tue Dec 01 00:00:00 GMT 2020,,The Famous Flames; ,https://en.wikipedia.org/wiki/The_Famous_Flames; https://en.wikipedia.org/wiki/List_of_Rock_and_Roll_Hall_of_Fame_inductees#endnote_N1,,,2012,The Famous Flames; [N1],/wiki/The_Famous_Flames; #endnote_N1,"Backing vocal group for James Brown. Inducted: Bobby Bennett, Bobby Byrd, Lloyd Stallworth, and Johnny Terry. [100]"
Tue Dec 01 00:00:00 GMT 2020,https://upload.wikimedia.org/wikipedia/commons/thumb/f/f4/Gnr_rrhof.jpg/75px-Gnr_rrhof.jpg,Guns N' Roses,https://en.wikipedia.org/wiki/Guns_N%27_Roses,//upload.wikimedia.org/wikipedia/commons/thumb/f/f4/Gnr_rrhof.jpg/75px-Gnr_rrhof.jpg,Gnr rrhof.jpg,2012,Guns N' Roses,/wiki/Guns_N%27_Roses,"Steven Adler, Duff McKagan, Dizzy Reed, Axl Rose, Slash, Matt Sorum and Izzy Stradlin. [101]"
Tue Dec 01 00:00:00 GMT 2020,,The Midnighters; ,https://en.wikipedia.org/wiki/The_Midnighters; https://en.wikipedia.org/wiki/List_of_Rock_and_Roll_Hall_of_Fame_inductees#endnote_N1,,,2012,The Midnighters; [N1],/wiki/The_Midnighters; #endnote_N1,"Backing vocal group for Hank Ballard. Inducted: Henry Booth, Billy Davis, Cal Green, Arthur Porter, Lawson Smith, Charles Sutton, Norman Thrasher, and Sonny Woods. [102]"
Tue Dec 01 00:00:00 GMT 2020,,The Miracles; ,https://en.wikipedia.org/wiki/The_Miracles; https://en.wikipedia.org/wiki/List_of_Rock_and_Roll_Hall_of_Fame_inductees#endnote_N1,,,2012,The Miracles; [N1],/wiki/The_Miracles; #endnote_N1,"Backing vocal group for Smokey Robinson. Inducted: Claudette Rogers, Bobby Rogers, Ronald White, Marv Tarplin, and Pete Moore. [103]"
Tue Dec 01 00:00:00 GMT 2020,,Laura Nyro,https://en.wikipedia.org/wiki/Laura_Nyro,,,2012,Laura Nyro,/wiki/Laura_Nyro,
Tue Dec 01 00:00:00 GMT 2020,https://upload.wikimedia.org/wikipedia/commons/thumb/5/54/Redhotchilipeppers.jpg/75px-Redhotchilipeppers.jpg,Red Hot Chili Peppers,https://en.wikipedia.org/wiki/Red_Hot_Chili_Peppers,//upload.wikimedia.org/wikipedia/commons/thumb/5/54/Redhotchilipeppers.jpg/75px-Redhotchilipeppers.jpg,Redhotchilipeppers.jpg,2012,Red Hot Chili Peppers,/wiki/Red_Hot_Chili_Peppers,"Flea, John Frusciante, Jack Irons, Anthony Kiedis, Josh Klinghoffer, Cliff Martinez, Hillel Slovak, and Chad Smith. [104]"
Tue Dec 01 00:00:00 GMT 2020,,Small Faces; Faces (band),https://en.wikipedia.org/wiki/Small_Faces; https://en.wikipedia.org/wiki/Faces_(band),,,2012,Small Faces; Faces,/wiki/Small_Faces; /wiki/Faces_(band),"Kenney Jones, Ronnie Lane, Ian McLagan, Steve Marriott, Rod Stewart, and Ronnie Wood. [105]"
Tue Jan 01 00:00:00 GMT 2013,https://upload.wikimedia.org/wikipedia/commons/thumb/4/4e/Heart_at_the_Beacon_Theater%2C_2012.jpg/75px-Heart_at_the_Beacon_Theater%2C_2012.jpg,Heart (band),https://en.wikipedia.org/wiki/Heart_(band),//upload.wikimedia.org/wikipedia/commons/thumb/4/4e/Heart_at_the_Beacon_Theater%2C_2012.jpg/75px-Heart_at_the_Beacon_Theater%2C_2012.jpg,"Sisters Nancy and Ann Wilson at the Beacon Theater in New York City, 2012",2013,Heart,/wiki/Heart_(band),"Michael DeRosier, Roger Fisher, Steve Fossen, Howard Leese, Ann Wilson, and Nancy Wilson. [106]"
Tue Jan 01 00:00:00 GMT 2013,https://upload.wikimedia.org/wikipedia/commons/thumb/d/d2/Albert_King_1978.jpg/75px-Albert_King_1978.jpg,Albert King,https://en.wikipedia.org/wiki/Albert_King,//upload.wikimedia.org/wikipedia/commons/thumb/d/d2/Albert_King_1978.jpg/75px-Albert_King_1978.jpg,King performing in 1978,2013,Albert King,/wiki/Albert_King,
Tue Jan 01 00:00:00 GMT 2013,https://upload.wikimedia.org/wikipedia/commons/thumb/a/a9/Randy_Newman_%281972%29.png/75px-Randy_Newman_%281972%29.png,Randy Newman,https://en.wikipedia.org/wiki/Randy_Newman,//upload.wikimedia.org/wikipedia/commons/thumb/a/a9/Randy_Newman_%281972%29.png/75px-Randy_Newman_%281972%29.png,"Newman in a recording studio, 1972",2013,Randy Newman,/wiki/Randy_Newman,
Tue Jan 01 00:00:00 GMT 2013,https://upload.wikimedia.org/wikipedia/commons/thumb/e/eb/Public_Enemy_%40_Sir_Stewart_Bovell_Park_%282_1_2011%29_%285356059653%29.jpg/75px-Public_Enemy_%40_Sir_Stewart_Bovell_Park_%282_1_2011%29_%285356059653%29.jpg,Public Enemy (group),https://en.wikipedia.org/wiki/Public_Enemy_(group),//upload.wikimedia.org/wikipedia/commons/thumb/e/eb/Public_Enemy_%40_Sir_Stewart_Bovell_Park_%282_1_2011%29_%285356059653%29.jpg/75px-Public_Enemy_%40_Sir_Stewart_Bovell_Park_%282_1_2011%29_%285356059653%29.jpg,Public Enemy @ Sir Stewart Bovell Park (2 1 2011) (5356059653).jpg,2013,Public Enemy,/wiki/Public_Enemy_(group),"William ""Flavor Flav"" Drayton, Richard ""Professor Griff"" Griffin, Norman ""Terminator X"" Lee Rogers, and Carlton ""Chuck D"" Ridenhour. [107]"
Tue Jan 01 00:00:00 GMT 2013,https://upload.wikimedia.org/wikipedia/commons/thumb/4/46/Rush-in-concert.jpg/75px-Rush-in-concert.jpg,Rush (band),https://en.wikipedia.org/wiki/Rush_(band),//upload.wikimedia.org/wikipedia/commons/thumb/4/46/Rush-in-concert.jpg/75px-Rush-in-concert.jpg,Rush-in-concert.jpg,2013,Rush,/wiki/Rush_(band),"Geddy Lee, Alex Lifeson, and Neil Peart. [108]"
Tue Jan 01 00:00:00 GMT 2013,https://upload.wikimedia.org/wikipedia/commons/thumb/3/3a/Donna_Summer_1977.JPG/75px-Donna_Summer_1977.JPG,Donna Summer,https://en.wikipedia.org/wiki/Donna_Summer,//upload.wikimedia.org/wikipedia/commons/thumb/3/3a/Donna_Summer_1977.JPG/75px-Donna_Summer_1977.JPG,"Summer in a recording studio, 1977",2013,Donna Summer,/wiki/Donna_Summer,
Wed Jan 01 00:00:00 GMT 2014,https://upload.wikimedia.org/wikipedia/commons/thumb/2/2b/Peter_Gabriel_Allan_Warren.jpg/75px-Peter_Gabriel_Allan_Warren.jpg,Peter Gabriel,https://en.wikipedia.org/wiki/Peter_Gabriel,//upload.wikimedia.org/wikipedia/commons/thumb/2/2b/Peter_Gabriel_Allan_Warren.jpg/75px-Peter_Gabriel_Allan_Warren.jpg,Peter Gabriel at the Wikipedia 10th anniversary party in London in January 2011,2014,Peter Gabriel,/wiki/Peter_Gabriel,
Wed Jan 01 00:00:00 GMT 2014,https://upload.wikimedia.org/wikipedia/commons/thumb/2/2a/Hall_%26_Oates.jpg/75px-Hall_%26_Oates.jpg,Hall & Oates,https://en.wikipedia.org/wiki/Hall_%26_Oates,//upload.wikimedia.org/wikipedia/commons/thumb/2/2a/Hall_%26_Oates.jpg/75px-Hall_%26_Oates.jpg,"Daryl Hall (left) and John Oates (right), 2008",2014,Hall & Oates,/wiki/Hall_%26_Oates,Daryl Hall and John Oates. [109]
Wed Jan 01 00:00:00 GMT 2014,https://upload.wikimedia.org/wikipedia/commons/thumb/0/0c/W0854-Hellfest2013_Kiss_69933.JPG/75px-W0854-Hellfest2013_Kiss_69933.JPG,Kiss (band),https://en.wikipedia.org/wiki/Kiss_(band),//upload.wikimedia.org/wikipedia/commons/thumb/0/0c/W0854-Hellfest2013_Kiss_69933.JPG/75px-W0854-Hellfest2013_Kiss_69933.JPG,"Kiss playing at Hellfest 2013, during their Monster World Tour. From left to right: Gene Simmons, Paul Stanley, Eric Singer and Tommy Thayer",2014,Kiss,/wiki/Kiss_(band),"Peter Criss, Ace Frehley, Gene Simmons, and Paul Stanley. [110]"
Wed Jan 01 00:00:00 GMT 2014,https://upload.wikimedia.org/wikipedia/commons/thumb/1/19/Nirvana_around_1992.jpg/75px-Nirvana_around_1992.jpg,Nirvana (band),https://en.wikipedia.org/wiki/Nirvana_(band),//upload.wikimedia.org/wikipedia/commons/thumb/1/19/Nirvana_around_1992.jpg/75px-Nirvana_around_1992.jpg,Nirvana around 1992.jpg,2014,Nirvana,/wiki/Nirvana_(band),"Kurt Cobain, Dave Grohl, and Krist Novoselic. [111]"
Wed Jan 01 00:00:00 GMT 2014,https://upload.wikimedia.org/wikipedia/commons/thumb/5/50/LindaRonstadtPerforming.jpg/75px-LindaRonstadtPerforming.jpg,Linda Ronstadt,https://en.wikipedia.org/wiki/Linda_Ronstadt,//upload.wikimedia.org/wikipedia/commons/thumb/5/50/LindaRonstadtPerforming.jpg/75px-LindaRonstadtPerforming.jpg,"Ronstadt performing in New Haven, Connecticut at a WPLR show, New Haven Veterans Memorial Coliseum, August 16, 1978",2014,Linda Ronstadt,/wiki/Linda_Ronstadt,
Wed Jan 01 00:00:00 GMT 2014,https://upload.wikimedia.org/wikipedia/commons/thumb/1/1c/YusufIslam_velvetgoldmine82.jpg/75px-YusufIslam_velvetgoldmine82.jpg,Cat Stevens,https://en.wikipedia.org/wiki/Cat_Stevens,//upload.wikimedia.org/wikipedia/commons/thumb/1/1c/YusufIslam_velvetgoldmine82.jpg/75px-YusufIslam_velvetgoldmine82.jpg,"Cat Stevens aka Yusuf Islam at the O2 Shepherd's Bush Empire, London, in May 2009",2014,Cat Stevens,/wiki/Cat_Stevens,
Thu Jan 01 00:00:00 GMT 2015,https://upload.wikimedia.org/wikipedia/commons/thumb/e/e2/Paul_Butterfield_79.jpg/75px-Paul_Butterfield_79.jpg,Paul Butterfield,https://en.wikipedia.org/wiki/Paul_Butterfield,//upload.wikimedia.org/wikipedia/commons/thumb/e/e2/Paul_Butterfield_79.jpg/75px-Paul_Butterfield_79.jpg,Butterfield performing at the Woodstock Reunion 1979,2015,The Paul Butterfield Blues Band,/wiki/Paul_Butterfield,"Paul Butterfield, Mike Bloomfield, Elvin Bishop, Mark Naftalin, Jerome Arnold, Billy Davenport and Sam Lay. [112]"
Thu Jan 01 00:00:00 GMT 2015,https://upload.wikimedia.org/wikipedia/commons/thumb/7/73/Jett_Rocks.jpg/75px-Jett_Rocks.jpg,Joan Jett,https://en.wikipedia.org/wiki/Joan_Jett,//upload.wikimedia.org/wikipedia/commons/thumb/7/73/Jett_Rocks.jpg/75px-Jett_Rocks.jpg,"Lead Singer Joan Jett performing with The Blackhearts in Norway, 1980s",2015,Joan Jett & the Blackhearts,/wiki/Joan_Jett,"Joan Jett, Gary Ryan, Lee Crystal and Ricky Byrd. [113]"
Thu Jan 01 00:00:00 GMT 2015,https://upload.wikimedia.org/wikipedia/commons/thumb/e/e1/Lou_Reed-Conspiracy_of_Hope-by_Steven_Toole.jpg/75px-Lou_Reed-Conspiracy_of_Hope-by_Steven_Toole.jpg,Lou Reed; ,https://en.wikipedia.org/wiki/Lou_Reed; https://en.wikipedia.org/wiki/List_of_Rock_and_Roll_Hall_of_Fame_inductees#cite_note-2015-inductees-114,//upload.wikimedia.org/wikipedia/commons/thumb/e/e1/Lou_Reed-Conspiracy_of_Hope-by_Steven_Toole.jpg/75px-Lou_Reed-Conspiracy_of_Hope-by_Steven_Toole.jpg,Lou Reed-Conspiracy of Hope-by Steven Toole.jpg,2015,Lou Reed; [114],/wiki/Lou_Reed; #cite_note-2015-inductees-114,
Thu Jan 01 00:00:00 GMT 2015,https://upload.wikimedia.org/wikipedia/commons/thumb/d/d6/Green_Day_House_OF_Blues_2015_2.jpg/75px-Green_Day_House_OF_Blues_2015_2.jpg,Green Day,https://en.wikipedia.org/wiki/Green_Day,//upload.wikimedia.org/wikipedia/commons/thumb/d/d6/Green_Day_House_OF_Blues_2015_2.jpg/75px-Green_Day_House_OF_Blues_2015_2.jpg,Green Day House OF Blues 2015 2.jpg,2015,Green Day,/wiki/Green_Day,"Billie Joe Armstrong, Tré Cool and Mike Dirnt. [114]"
Thu Jan 01 00:00:00 GMT 2015,https://upload.wikimedia.org/wikipedia/commons/thumb/6/66/Stevie_Ray_Vaughan_And_Double_Trouble_Don_Hunstein.jpg/75px-Stevie_Ray_Vaughan_And_Double_Trouble_Don_Hunstein.jpg,Stevie Ray Vaughan; Double Trouble (band),https://en.wikipedia.org/wiki/Stevie_Ray_Vaughan; https://en.wikipedia.org/wiki/Double_Trouble_(band),//upload.wikimedia.org/wikipedia/commons/thumb/6/66/Stevie_Ray_Vaughan_And_Double_Trouble_Don_Hunstein.jpg/75px-Stevie_Ray_Vaughan_And_Double_Trouble_Don_Hunstein.jpg,Stevie Ray Vaughan And Double Trouble Don Hunstein.jpg,2015,Stevie Ray Vaughan; Double Trouble,/wiki/Stevie_Ray_Vaughan; /wiki/Double_Trouble_(band),"Stevie Ray Vaughan, Chris Layton, Tommy Shannon and Reese Wynans. [115]"
Thu Jan 01 00:00:00 GMT 2015,https://upload.wikimedia.org/wikipedia/commons/thumb/3/38/Bill_Withers_1976.JPG/75px-Bill_Withers_1976.JPG,Bill Withers,https://en.wikipedia.org/wiki/Bill_Withers,//upload.wikimedia.org/wikipedia/commons/thumb/3/38/Bill_Withers_1976.JPG/75px-Bill_Withers_1976.JPG,Withers in 1976,2015,Bill Withers,/wiki/Bill_Withers,
Fri Jan 01 00:00:00 GMT 2016,https://upload.wikimedia.org/wikipedia/commons/thumb/5/5b/Cheap-trick.jpg/75px-Cheap-trick.jpg,Cheap Trick,https://en.wikipedia.org/wiki/Cheap_Trick,//upload.wikimedia.org/wikipedia/commons/thumb/5/5b/Cheap-trick.jpg/75px-Cheap-trick.jpg,Cheap-trick.jpg,2016,Cheap Trick,/wiki/Cheap_Trick,"Bun E. Carlos, Rick Nielsen, Tom Petersson and Robin Zander. [116]"
Fri Jan 01 00:00:00 GMT 2016,https://upload.wikimedia.org/wikipedia/commons/thumb/6/6b/Chicagothebandmillbrook_lar.jpg/75px-Chicagothebandmillbrook_lar.jpg,Chicago (band),https://en.wikipedia.org/wiki/Chicago_(band),//upload.wikimedia.org/wikipedia/commons/thumb/6/6b/Chicagothebandmillbrook_lar.jpg/75px-Chicagothebandmillbrook_lar.jpg,Chicago in 2004,2016,Chicago,/wiki/Chicago_(band),"Peter Cetera, Terry Kath, Robert Lamm, Lee Loughnane, James Pankow, Walter Parazaider and Danny Seraphine. [116]"
Fri Jan 01 00:00:00 GMT 2016,https://upload.wikimedia.org/wikipedia/commons/thumb/6/67/Deep_Purple_%28UK_Tour_1976%29.JPG/75px-Deep_Purple_%28UK_Tour_1976%29.JPG,Deep Purple,https://en.wikipedia.org/wiki/Deep_Purple,//upload.wikimedia.org/wikipedia/commons/thumb/6/67/Deep_Purple_%28UK_Tour_1976%29.JPG/75px-Deep_Purple_%28UK_Tour_1976%29.JPG,Deep Purple in 1976,2016,Deep Purple,/wiki/Deep_Purple,"Ritchie Blackmore, David Coverdale, Rod Evans, Ian Gillan, Roger Glover, Glenn Hughes, Jon Lord and Ian Paice [116]"
Fri Jan 01 00:00:00 GMT 2016,,N.W.A,https://en.wikipedia.org/wiki/N.W.A,,,2016,N.W.A,/wiki/N.W.A,"Antoine ""DJ Yella"" Carraby, O'Shea ""Ice Cube"" Jackson, Sr., Lorenzo ""MC Ren"" Patterson, Eric ""Eazy-E"" Wright and Andre ""Dr. Dre"" Young [116]"
Fri Jan 01 00:00:00 GMT 2016,https://upload.wikimedia.org/wikipedia/commons/thumb/8/83/Steve_Miller_Live.jpg/75px-Steve_Miller_Live.jpg,Steve Miller (musician),https://en.wikipedia.org/wiki/Steve_Miller_(musician),//upload.wikimedia.org/wikipedia/commons/thumb/8/83/Steve_Miller_Live.jpg/75px-Steve_Miller_Live.jpg,Steve Miller performs on stage c. 2009,2016,Steve Miller,/wiki/Steve_Miller_(musician),